--
-- PostgreSQL database dump
--

-- Dumped from database version 17.4 (Debian 17.4-1.pgdg120+2)
-- Dumped by pg_dump version 17.4 (Debian 17.4-1.pgdg120+2)

SET statement_timeout = 0;
SET lock_timeout = 0;
SET idle_in_transaction_session_timeout = 0;
SET transaction_timeout = 0;
SET client_encoding = 'UTF8';
SET standard_conforming_strings = on;
SELECT pg_catalog.set_config('search_path', '', false);
SET check_function_bodies = false;
SET xmloption = content;
SET client_min_messages = warning;
SET row_security = off;


--
-- Data for Name: users; Type: TABLE DATA; Schema: public; Owner: arcadia
--

COPY public.users (id, username, avatar, email, password_hash, registered_from_ip, created_at, description, uploaded, downloaded, ratio, required_ratio, last_seen, class, forum_posts, forum_threads, group_comments, torrent_comments, request_comments, artist_comments, seeding, leeching, snatched, seeding_size, requests_filled, collages_started, requests_voted, average_seeding_time, invited, invitations, bonus_points, settings, passkey_upper, passkey_lower) FROM stdin;
2	waterbottle	https://i.pinimg.com/736x/a6/27/12/a6271204df8d387c3e614986c106f549.jpg	user2@example.com	hashedpassword2	192.168.1.2	2025-03-30 16:24:57.388152		0	1	0	0	2025-03-30 16:24:57.388152	newbie	0	0	0	0	0	0	0	0	0	0	0	0	0	0	0	0	0	{"site_appearance":{"item_detail_layout": "sidebar_right"}}	5493004881313328037	2566432999990446913
3	coolguy	https://i.pinimg.com/474x/c1/5a/6c/c15a6c91515e22f6ea8b766f89c12f0c.jpg	user3@example.com	hashedpassword3	192.168.1.3	2025-03-30 16:24:57.388152		0	1	0	0	2025-03-30 16:24:57.388152	newbie	0	0	0	0	0	0	0	0	0	0	0	0	0	0	0	0	0	{"site_appearance":{"item_detail_layout": "sidebar_right"}}	2274483400846363122	1270934296711348124
1	picolo	https://img.freepik.com/premium-vector/random-people-line-art-vector_567805-63.jpg	user1@example.com	$argon2id$v=19$m=19456,t=2,p=1$s4XJtCUk9IrGgNsTfP6Ofw$ktoGbBEoFaVgdiTn19Gh9h45LjFiv7AUEL5KHhzm4d0	192.168.1.1	2025-03-30 16:24:57.388152		10000	1	0	0	2025-04-02 10:40:15.558334	newbie	0	0	0	0	0	0	0	0	0	0	0	0	0	0	0	0	1000000000	{"site_appearance":{"item_detail_layout": "sidebar_right"}}	-197409747985172542	1837889239438807682
4	test	\N	test@test.tsttt	$argon2id$v=19$m=19456,t=2,p=1$yaA+WqA4OfSyAqR3iXhDng$/Ngv7VeJvVNHli9rBgQG0d/O2W+qoI2yHhQxZSxxW2M	127.0.0.1	2025-04-10 19:15:51.036818		0	1	0	0	2025-04-10 19:15:51.036818	newbie	0	0	0	0	0	0	0	0	0	0	0	0	0	0	0	0	0	{"site_appearance":{"item_detail_layout": "sidebar_right"}}	-7167291202215854785	1526268353104531819
\.


--
-- Data for Name: artists; Type: TABLE DATA; Schema: public; Owner: arcadia
--

COPY public.artists (id, name, description, pictures, created_by_id, created_at, title_groups_amount, edition_groups_amount, torrents_amount, seeders_amount, leechers_amount, snatches_amount) FROM stdin;
1	The Beatles		{https://www.rollingstone.com/wp-content/uploads/2018/06/rs_beatles01-2598d59b-a7fa-44db-93c6-6ebe6601eb8f.jpg}	1	2025-03-30 17:39:13.568689	0	0	0	0	0	0
2	Charlie Chaplin		{https://media.themoviedb.org/t/p/w600_and_h900_bestv2/lRI9Ky1SMOehn04OqhYJ5hQfgIK.jpg}	1	2025-03-31 10:47:12.069969	0	0	0	0	0	0
3	Victor Hugo		{https://upload.wikimedia.org/wikipedia/commons/thumb/e/e6/Victor_Hugo_by_%C3%89tienne_Carjat_1876_-_full.jpg/440px-Victor_Hugo_by_%C3%89tienne_Carjat_1876_-_full.jpg}	1	2025-03-31 11:47:25.165927	0	0	0	0	0	0
\.


--
-- Data for Name: master_groups; Type: TABLE DATA; Schema: public; Owner: arcadia
--

COPY public.master_groups (id, name, created_at, updated_at, created_by_id) FROM stdin;
\.


--
-- Data for Name: series; Type: TABLE DATA; Schema: public; Owner: arcadia
--

COPY public.series (id, name, description, tags, covers, banners, created_by_id, created_at, updated_at) FROM stdin;
1	Skyman (Columbia Comics)	The Skyman is a fictional comic book superhero that appeared stories during the Golden Age of Comic Books. Created by writer Gardner Fox and artist Ogden Whitney, the character first appeared in the Columbia Comics omnibus title Big Shot Comics #1 (May 1940).[1] He is unrelated to the DC Comics character. The Skyman was Allan Turner, who was raised by his uncle to become "outstanding in mind and body". A brilliant scientist, he had no superpowers but did have a flying wing-shaped airplane, dubbed the Wing, that flew by the power of Earth's magnetic poles. With this and money inherited from his late uncle's will, he fought crime. In 1944, he acquired an "Icarus-Cape", a huge pair of wings which allowed him to fly without an airplane.[2] His love interest was detective Fawn Carroll.	{adventure}	{http://1.bp.blogspot.com/-S4D2YF5z7Aw/UZX-wE8_IPI/AAAAAAAAAO8/X2IdMSuaIl8/s1600/Big+Shot+-+Vintage+Comic+Wallpaper+01.jpg}	{""}	1	2025-03-31 12:09:50.769068	2025-03-31 12:09:50.769068
2	Casefile True Crime	Casefile is an award-winning true-crime podcast that presents unforgettable stories in a professionally produced audio format. What started in 2016 as a one-person side project has grown to include an entire team based across multiple continents. Our episodes delve deep into the circumstances, investigations and trials of both solved and unsolved cases from all over the world. Casefile has hundreds of millions of downloads and consistently ranks highly across podcasting charts. Discover why everyone from Rolling Stone to Time magazine is calling it a must-listen experience. 	{crime}	{https://casefilepodcast.com/wp-content/uploads/2020/07/casefile_icon_web.jpg}	{""}	1	2025-03-31 13:50:44.733697	2025-03-31 13:50:44.733697
3	Pimp my ride	Xzibit and the good people at West Coast Customs make people's cars go from dirt to pimped in this 30 minute series. A pimped out car is usually worth $20,000 to $30,000. This season, the guys are back in full effect, transforming more rides and more lives. As usual, Xzibit--Pimp Master of Ceremonies himself--will be pulling drivers off the road who are guilty of committing heinous vehicular style crimes and giving their wheels the ultimate pimp-over. Want MTV To Pimp Out Your Ride? Read below for info on how to get that done. Wanna Pimp Out Your Ride? Does your car need some major work? Are you embarrassed to pick up your date because of your ride? Scared to roll up to that job interview because of your bucket? Fear no more - MTV wants to give you the hottest car on the block. We're gonna take that hooptie and pimp it out. And we ain't just talkin a paint job either. We'll hook you up with the hottest ride on the street with all the hot accessories.	{reality}	{https://artworks.thetvdb.com/banners/posters/74210-1.jpg}	{""}	1	2025-03-31 18:46:26.670925	2025-03-31 18:46:26.670925
\.


--
-- Data for Name: title_groups; Type: TABLE DATA; Schema: public; Owner: arcadia
--

COPY public.title_groups (id, master_group_id, name, name_aliases, created_at, updated_at, created_by_id, description, original_language, original_release_date, tagline, tags, country_from, covers, external_links, embedded_links, category, content_type, public_ratings, series_id) FROM stdin;
1	\N	Love Me Do / P.S. I Love You	{""}	2025-03-30 16:35:06.418293	2025-03-30 16:35:06.418293	1	Tracklist\nA - Love Me Do\nB - P.S. I Love You	English	1962-01-01 00:00:00	\N	{rock,pop}	UK	{https://ia903406.us.archive.org/16/items/mbid-20e0bad7-bfbf-4f18-b0b3-8549dfcef6f3/mbid-20e0bad7-bfbf-4f18-b0b3-8549dfcef6f3-2190513301.jpg}	{https://musicbrainz.org/release-group/5db85281-934d-36e5-865c-1922ad82a948,https://www.discogs.com/master/1154826-The-Beatles-Love-Me-Do}	\N	Single	Music	\N	\N
2	\N	The Gold Rush	{""}	2025-03-31 10:22:23.744818	2025-03-31 10:22:23.744818	1	A gold prospector in Alaska struggles to survive the elements and win the heart of a dance hall girl.	English	1925-08-15 00:00:00	\N	{adventure,comedy,drama}	USA	{https://image.tmdb.org/t/p/w1280/eQRFo1qwRREYwj47Yoe1PisgOle.jpg}	{"https://www.themoviedb.org/movie/962-the-gold-rush\\",\\"https://www.imdb.com/title/tt0015864/"}	\N	FeatureFilm	Movie	\N	\N
3	\N	Les Misérables	{""}	2025-03-31 11:02:49.707845	2025-03-31 11:02:49.707845	1	Les Misérables (/leɪ ˌmɪzəˈrɑːb(əl), -blə/,[4] French: [le mizeʁabl]) is a French epic historical novel by Victor Hugo, first published on 31 March 1862, that is considered one of the greatest novels of the 19th century. Les Misérables has been popularized through numerous adaptations for film, television, and the stage, including a musical. 	French	1862-03-31 00:16:08	\N	{drama,historical}	France	{https://francetoday.com/wp-content/uploads/2022/03/51JEItnoKFL.jpg}	{https://openlibrary.org/works/OL1063588W/Les_Mis%C3%A9rables}	\N	Book	Book	\N	\N
4	\N	Skyman No. 1	{""}	2025-03-31 12:02:07.049479	2025-03-31 12:02:07.049479	1	Cover by Ogden Whitney. Stories and art by Boody Rogers, Gardner Fox, Ogden Whitney, Paul Dean, Fred Schwab and Mart Bailey. Columbia Comics launches a solo book featuring aviator hero Skyman, one of the stars of Big Shot Comics. Orphaned by a plane crash and raised by his uncle to be superhuman, Allen Turner uses his experimental aircraft The Wing to fight crime as Skyman. Sparky Watts encounters The World's Strongest Puppy, in a typically wacky Boody Rogers tale. In a story that illustrates its times, Skyman battles saboteur Red Signet and his gang, who are trying to force isolationist America into joining World War II. Plus a Face story, and an ad for the never-produced Skyman daily comic strip. Introducing the Skyman; The Paralyzing Ray; The Skyman Encounters Kidnappers; Sparky Watts; Jibby Jones; Mortimer the Monk; Saboteurs; The Red Signet; The Face: The Orphan Asylum; War Games. 64 pages, Full Color. Cover price $0.10. 	English	1940-05-01 00:00:00	\N	{superhero}	USA	{https://media.mycomicshop.com/n_iv/600/837159.jpg}	{https://en.wikipedia.org/wiki/Skyman_(Columbia_Comics)}	\N	Illustrated	Book	\N	1
5	\N	Skyman No. 2	{""}	2025-03-31 12:15:20.060021	2025-03-31 12:15:20.060021	1	Cover by Ogden Whitney. Stories and art by Gardner Fox, Ogden Whitney, Fred Schwab and Frank Tinsley. A solo book featuring aviator hero Skyman, one of the stars of Columbia's Big Shot Comics. Skyman's attacks on Axis military bases makes him their number one target. Aviator hero Yankee Doodle shows a group of kids how to fly, in a semi-educational strip - but Rusty's redheaded, beautiful older sister doesn't think that's such a great idea. Skyman investigates a deadly green fog that is attacking fishermen at sea. Skyman; Mike the Mascot; Yankee Doodle; Jibby Jones. 68 pages, Full Color. Cover price $0.10. 	English	1940-05-01 00:00:00	\N	{adventure}	USA	{https://media.mycomicshop.com/n_iv/600/1050423.jpg}	{""}	\N	Illustrated	Book	\N	1
7	\N	Yuzu	{""}	2025-03-31 14:05:02.320893	2025-03-31 14:05:02.320893	1	Yuzu is an experimental open-source emulator for the Nintendo Switch from the creators of Citra. It is written in C++ with portability in mind, with builds actively maintained for Windows and Linux. The emulator currently can play various commercial titles and homebrew applications with varying degrees of success.\n\nYuzu is no longer developed or available as of March 4, 2024, following a settlement with Nintendo.		2018-01-14 00:00:00	\N	{emulator}		{https://androidgram.com/wp-content/uploads/2022/04/emulator-yuzu.jpg}	{https://en.wikipedia.org/wiki/Yuzu_(emulator)}	\N	Program	Software	\N	\N
8	\N	Season 1	{""}	2025-03-31 18:35:58.583204	2025-03-31 18:35:58.583204	1	Season 1 of the series	English	2004-03-04 00:00:00	\N	{reality}	USA	{https://thetvdb.com/banners/seasons/26075-1.jpg}	{https://thetvdb.com/series/pimp-my-ride}	\N	\N	TV-Show	\N	3
6	\N	Casefile True Crime	{""}	2025-03-31 13:38:28.755554	2025-03-31 13:38:28.755554	1	\nCasefile is an award-winning true-crime podcast that presents unforgettable stories in a professionally produced audio format. What started in 2016 as a one-person side project has grown to include an entire team based across multiple continents. \n\nOur episodes delve deep into the circumstances, investigations and trials of both solved and unsolved cases from all over the world. Casefile has hundreds of millions of downloads and consistently ranks highly across podcasting charts. Discover why everyone from Rolling Stone to Time magazine is calling it a must-listen experience.\n	English	2016-01-09 00:00:00	\N	{crime}	USA	{https://casefilepodcast.com/wp-content/uploads/2020/07/casefile_icon_web.jpg}	{https://en.wikipedia.org/wiki/Casefile}	\N	Other	Collection	\N	2
9	\N	Season 2	{""}	2025-04-02 10:37:47.156346	2025-04-02 10:37:47.156346	1		English	2004-10-24 00:00:00	\N	{reality}	USA	{https://artworks.thetvdb.com/banners/seasons/26075-2.jpg}	{https://thetvdb.com/series/pimp-my-ride/seasons/official/2}	\N	Other	TV-Show	\N	3
\.


--
-- Data for Name: affiliated_artists; Type: TABLE DATA; Schema: public; Owner: arcadia
--

COPY public.affiliated_artists (title_group_id, artist_id, status, nickname, created_by_id, created_at) FROM stdin;
1	1	singer		1	2025-03-30 17:39:40.616037
2	2	director, writer		1	2025-03-31 10:47:39.654048
3	3	author		1	2025-03-31 11:47:39.311712
\.


--
-- Data for Name: edition_groups; Type: TABLE DATA; Schema: public; Owner: arcadia
--

COPY public.edition_groups (id, title_group_id, name, release_date, created_at, updated_at, created_by_id, description, distributor, covers, external_links, source, additional_information) FROM stdin;
1	1	red label Parlophone single	1962-01-01 00:00:00	2025-03-30 16:43:28.474757	2025-03-30 16:43:28.474757	1	Red label with silver print. Catalog number with 45 prefix. These labels have “PARLOPHONE” in large stylized letters at the top and the Parlophone £ logo at 3 o’clock.\nThe publishing year was printed on the label, as “RECORDING FIRST PUBLISHED 1962″.\nThis release has labels without “MADE IN GT. BRITAIN” printed below the Parlophone £ logo.\nMatrix numbers: Side A: 7XCE 17144-1N, Side B: 7XCE 17145-1N.	Parlophone	{""}	{https://www.discogs.com/release/1789539-The-Beatles-Love-Me-Do}	Vinyl	{}
2	1	CDRX 4949	1992-01-01 00:00:00	2025-03-30 17:45:30.799015	2025-03-30 17:45:30.799015	1	Standard release in a CD single slim jewel case		{""}	{https://musicbrainz.org/release/695ede4f-fc2f-4dff-8a1c-bdd57645285a}	CD	{}
3	1	quobuz edition	2015-03-18 00:00:00	2025-03-31 09:45:45.799102	2025-03-31 09:45:45.799102	1	2015 GynMusic Srl under license to Pirames International Srl 2015 GynMusic Srl under license to Pirames International Srl	qobuz	{""}	{""}	Web	{}
4	2	Silent version	1925-08-15 00:00:00	2025-03-31 10:25:44.86285	2025-03-31 10:25:44.86285	1	\N		{""}	{""}	Blu-Ray	{}
5	2	Sound version	1942-02-11 00:00:00	2025-03-31 10:40:17.868567	2025-03-31 10:40:17.868567	1	This version has dialogues dubbed		{""}	{""}	Blu-Ray	{}
6	2	Sound version digital restoration	2012-02-15 00:00:00	2025-03-31 10:43:37.252083	2025-03-31 10:43:37.252083	1	High-definition digital restoration of the 1942 sound version (2012).		{""}	{""}	Blu-Ray	{}
7	3	Original edition	1862-03-31 00:16:08	2025-03-31 11:03:45.905456	2025-03-31 11:03:45.905456	1			{""}	{""}	Physical Book	{}
8	3	Revised edition	2010-05-28 00:00:00	2025-03-31 11:08:53.447285	2025-03-31 11:08:53.447285	1	Revised edition of the book, including footnotes to explain things about the context of the time.	Amazon	{""}	{""}	Web	{}
10	3	CD Audiobook	2012-02-02 00:00:00	2025-03-31 11:43:42.916292	2025-03-31 11:43:42.916292	1			{""}	{""}	CD	{}
11	4	Original edition	1940-05-01 00:00:00	2025-03-31 12:04:53.496183	2025-03-31 12:04:53.496183	1			{""}	{""}	Physical Book	{}
12	5	Original edition	1940-05-01 00:00:00	2025-03-31 12:15:38.583304	2025-03-31 12:15:38.583304	1			{""}	{""}	Physical Book	{}
9	3	Original edition	2011-02-09 00:00:00	2025-03-31 11:41:20.328981	2025-03-31 11:41:20.328981	1	Audiobook of the original version	Audible	{""}	{""}	Web	{}
13	6	Original edition	2016-12-10 00:00:00	2025-03-31 13:39:26.541847	2025-03-31 13:39:26.541847	1		casefilepodcast	{""}	{""}	Web	{"date_from": "2016-01-09", "last_item": "Case 40", "first_item": "Case 01"}
15	6	Original edition	2018-12-22 00:00:00	2025-03-31 13:52:36.241175	2025-03-31 13:52:36.241175	1		casefilepodcast	{""}	{""}	Web	{"date_from": "2018-01-13", "last_item": "Case 104", "first_item": "Case 72"}
14	6	Original edition	2017-12-16 00:00:00	2025-03-31 13:47:36.883244	2025-03-31 13:47:36.883244	1		casefilepodcast	{""}	{""}	Web	{"date_from": "2017-01-07", "last_item": "Case 71", "first_item": "Case 41"}
16	7	Last edition	2024-03-04 00:00:00	2025-03-31 14:06:37.867433	2025-03-31 14:06:37.867433	1	Built by github workflow	github	{""}	{""}	Web	{}
18	8	Extras	2004-03-04 00:00:00	2025-03-31 18:49:20.421903	2025-03-31 18:49:20.421903	1	Contains deleted scenes and behind the scenes		{""}	{""}	DVD9	{}
17	8	Season 1	2004-03-04 00:00:00	2025-03-31 18:39:35.622903	2025-03-31 18:39:35.622903	1		Amazon	{""}	{""}	Web	{}
19	9	Original edition	2004-10-24 00:00:00	2025-04-02 10:38:30.04944	2025-04-02 10:38:30.04944	1		Amazon	{""}	{""}	Web	{}
\.


--
-- Data for Name: invitations; Type: TABLE DATA; Schema: public; Owner: arcadia
--

COPY public.invitations (id, created_at, expires_at, invitation_key, message, sender_id, receiver_email, receiver_id) FROM stdin;
\.


--
-- Data for Name: notifications; Type: TABLE DATA; Schema: public; Owner: arcadia
--

COPY public.notifications (id, created_at, receiver, title, message, notification_type, item_id, read_status) FROM stdin;
\.


--
-- Data for Name: similar_artists; Type: TABLE DATA; Schema: public; Owner: arcadia
--

COPY public.similar_artists (artist_1_id, artist_2_id) FROM stdin;
\.


--
-- Data for Name: similar_master_groups; Type: TABLE DATA; Schema: public; Owner: arcadia
--

COPY public.similar_master_groups (group_1_id, group_2_id) FROM stdin;
\.


--
-- Data for Name: similar_title_groups; Type: TABLE DATA; Schema: public; Owner: arcadia
--

COPY public.similar_title_groups (group_1_id, group_2_id) FROM stdin;
\.


--
-- Data for Name: torrents; Type: TABLE DATA; Schema: public; Owner: arcadia
--

COPY public.torrents (id, edition_group_id, created_at, updated_at, created_by_id, info_hash, language, release_name, release_group, description, file_amount_per_type, uploaded_as_anonymous, file_list, mediainfo, trumpable, staff_checked, container, size, duration, audio_codec, audio_bitrate, audio_bitrate_sampling, audio_channels, video_codec, features, subtitle_languages, video_resolution) FROM stdin;
2	1	2025-03-30 17:31:55.998504	2025-03-30 17:31:55.998504	1	\\x00112233445566778899AABBCCDDEEFF00112233	English	The Beatles - Love Me Do - P.S. I Love You (Parlophone Single) [16-48]		sox resample of [existing torrent]\nscans resized	{"png": 6, "txt": 1, "flac": 2}	f	{"files": [{"name": "01 Love Me Do.flac", "size": 9123619}, {"name": "02 P.S. I Love You.flac", "size": 7866920}, {"name": "Scans/Both A.png", "size": 6222163}, {"name": "Scans/Both B.png", "size": 6199786}, {"name": "Scans/Record A.png", "size": 3917306}, {"name": "Scans/Record B.png", "size": 3942248}, {"name": "Scans/Sleeve A.png", "size": 5648922}, {"name": "Scans/Sleeve B.png", "size": 5659186}, {"name": "lineage.txt", "size": 492}], "parent_folder": "The Beatles - Love Me Do - P.S. I Love You (Parlophone Single) [16-48]"}	none		f	FLAC	48580642	\N	flac	\N	Lossless	\N	\N	{}	{""}	\N
1	1	2025-03-30 16:44:41.458969	2025-03-30 16:44:41.458969	1	\\x112233445566778899AABBCCDDEEFF0011223344	\N	The Beatles - Love Me Do - P.S. I Love You (Parlophone Single) [24-96]		Full scans included\n\nLineage:\n\nOriginal red label Parlophone single > Numark TTXUSB (45.11 RPM) > Shure M97XE/Jico SAS > WAV > Click Repair, conversion to mono, EQ and normalization\n\n\nA notable needledrop since no tape source exists for the "Ringo version" of Love Me Do - all later releases are ultimately sourced from the original red label Parlophone single\nSome official releases are even needledrops of needledrops!\n\nThis copy is far from perfect condition, but hopefully you find it listenable.	{"png": 6, "txt": 1, "flac": 2}	f	{"files": [{"name": "01 Love Me Do.flac", "size": 28507764}, {"name": "02 P.S. I Love You.flac", "size": 24491889}, {"name": "Notes.txt", "size": 492}, {"name": "Scans/Both A.png", "size": 118490649}, {"name": "Scans/Both B.png", "size": 117217894}, {"name": "Scans/Record A.png", "size": 94433739}, {"name": "Scans/Record B.png", "size": 93792174}, {"name": "Scans/Sleeve A.png", "size": 112202145}, {"name": "Scans/Sleeve B.png", "size": 112577343}], "parent_folder": "The Beatles - Love Me Do - P.S. I Love You (Parlophone Single) [24-96]"}	none		f	FLAC	701714089	\N	flac	650	24bit Lossless	\N	\N	{Booklet}	{""}	\N
10	4	2025-03-31 10:49:49.903392	2025-03-31 10:49:49.903392	1	\\x2233445566778899AABBCCDDEEFF001122334455	English	The.Gold.Rush.1925.Silent.Version.Criterion.Collection.BluRay.1080p.DTS-HD.MA.5.1.AVC.REMUX-FraMeSToR	FraMeSToR	none	{"mkv": 1, "nfo": 1}	f	{"files": [{"name": "The.Gold.Rush.1925.Silent.Version.Criterion.Collection.BluRay.1080p.DTS-HD.MA.5.1.AVC.REMUX-FraMeSToR.mkv", "size": 18110440501}, {"name": "The.Gold.Rush.1925.Silent.Version.Criterion.Collection.BluRay.1080p.DTS-HD.MA.5.1.AVC.REMUX-FraMeSToR.nfo", "size": 3877}], "parent_folder": "The.Gold.Rush.1925.Silent.Version.Criterion.Collection.BluRay.1080p.DTS-HD.MA.5.1.AVC.REMUX-FraMeSToR"}	General\nUnique ID                                : 28086799486511508475396472836896080231 (0x152152211542A719FD736D1DB9544167)\nComplete name                            : The.Gold.Rush.1925.Silent.Version.Criterion.Collection.BluRay.1080p.DTS-HD.MA.5.1.AVC.REMUX-FraMeSToR.mkv\nFormat                                   : Matroska\nFormat version                           : Version 4\nFile size                                : 16.9 GiB\nDuration                                 : 1 h 29 min\nOverall bit rate mode                    : Variable\nOverall bit rate                         : 27.0 Mb/s\nMovie name                               : The Gold Rush (1925)\nEncoded date                             : UTC 2018-10-21 14:41:44\nWriting application                      : mkvmerge v25.0.0 ('Prog Noir') 64-bit\nWriting library                          : libebml v1.3.6 + libmatroska v1.4.9\nIsTruncated                              : Yes\n\nVideo\nID                                       : 1\nFormat                                   : AVC\nFormat/Info                              : Advanced Video Codec\nFormat profile                           : High@L4.1\nFormat settings                          : CABAC / 4 Ref Frames\nFormat settings, CABAC                   : Yes\nFormat settings, Reference frames        : 4 frames\nCodec ID                                 : V_MPEG4/ISO/AVC\nDuration                                 : 1 h 29 min\nBit rate mode                            : Variable\nMaximum bit rate                         : 37.0 Mb/s\nWidth                                    : 1 920 pixels\nHeight                                   : 1 080 pixels\nDisplay aspect ratio                     : 16:9\nFrame rate mode                          : Constant\nFrame rate                               : 23.976 (24000/1001) FPS\nColor space                              : YUV\nChroma subsampling                       : 4:2:0\nBit depth                                : 8 bits\nScan type                                : Progressive\nDefault                                  : Yes\nForced                                   : No\n\nAudio #1\nID                                       : 2\nFormat                                   : DTS XLL\nFormat/Info                              : Digital Theater Systems\nCommercial name                          : DTS-HD Master Audio\nCodec ID                                 : A_DTS\nDuration                                 : 1 h 29 min\nBit rate mode                            : Variable\nChannel(s)                               : 6 channels\nChannel layout                           : C L R Ls Rs LFE\nSampling rate                            : 48.0 kHz\nFrame rate                               : 93.750 FPS (512 SPF)\nBit depth                                : 24 bits\nCompression mode                         : Lossless\nTitle                                    : DTS-HD MA 5.1\nLanguage                                 : English\nDefault                                  : Yes\nForced                                   : No\n\nAudio #2\nID                                       : 3\nFormat                                   : AC-3\nFormat/Info                              : Audio Coding 3\nCommercial name                          : Dolby Digital\nCodec ID                                 : A_AC3\nDuration                                 : 1 h 29 min\nBit rate mode                            : Constant\nBit rate                                 : 192 kb/s\nChannel(s)                               : 2 channels\nChannel layout                           : L R\nSampling rate                            : 48.0 kHz\nFrame rate                               : 31.250 FPS (1536 SPF)\nCompression mode                         : Lossy\nStream size                              : 123 MiB (1%)\nTitle                                    : Commentary by Chaplin Biographer Jeffrey Vance\nLanguage                                 : English\nService kind                             : Complete Main\nDefault                                  : No\nForced                                   : No\n\nMenu\n00:00:00.000                             : en:Opening Titles\n00:02:35.781                             : en:Chilkoot Pass\n00:07:02.422                             : en:Black Larsen\n00:12:44.389                             : en:Three Hungry Men\n00:17:27.630                             : en:"Thanksgiving Dinner"\n00:20:27.393                             : en:An Appetizing Friend\n00:27:07.793                             : en:"Parting of the Ways"\n00:29:31.979                             : en:Georgia\n00:35:53.318                             : en:Dancing at the Monte Carlo\n00:42:21.956                             : en:Hank Curtis and His Cabin\n00:46:25.449                             : en:Surprise Guests\n00:53:15.150                             : en:"Begged, Borrowed, and Shoveled"\n00:55:05.385                             : en:New Year's Eve\n00:59:44.414                             : en:Georgia Remembers\n01:05:47.068                             : en:The Return of Big Jim\n01:07:29.379                             : en:"Please Forgive Me"\n01:11:46.552                             : en:"The Cabin at Last!"\n01:14:42.228                             : en:"All Was Calm"\n01:22:11.260                             : en:Homeward-Bound		f	MKV	18110444378	\N	dts	\N	24bit Lossless	\N	h264	{Remux}	{""}	1080p
5	3	2025-03-31 09:46:30.39388	2025-03-31 09:46:30.39388	1	\\x33445566778899AABBCCDDEEFF00112233445566	\N	Love Me Do / PS. I Love You			{"cue": 1, "log": 1, "flac": 3}	f	{"files": [{"name": "01 Love Me Do.flac", "size": 11268945}, {"name": "02 P.S. I Love You.flac", "size": 9505300}, {"name": "03 Love Me Do (original single version).flac", "size": 11238335}, {"name": "Love Me Do (Single).cue", "size": 848}, {"name": "Love Me Do (Single).log", "size": 3852}], "parent_folder": "The Beatles - Love Me Do (Single) (1992) [FLAC]"}	none		f	FLAC	32017280	\N	flac	\N	Lossless	\N	\N	{}	{""}	\N
4	2	2025-03-30 18:02:52.525114	2025-03-30 18:02:52.525114	1	\\x445566778899AABBCCDDEEFF0011223344556677	\N	The Beatles - Love Me Do (Single) (1992) [320]		Transcoded from flac torrent here (same edition ofc)	{"mp3": 3}	f	{"files": [{"name": "01 Love Me Do.mp3", "size": 5741017}, {"name": "02 P.S. I Love You.mp3", "size": 4980341}, {"name": "03 Love Me Do (original single version).mp3", "size": 5689869}], "parent_folder": "The Beatles - Love Me Do (Single) (1992) [320]"}	none		f	MP3	16411227	\N	mp3	\N	320	\N	\N	{}	{""}	\N
8	5	2025-03-31 10:41:14.342926	2025-03-31 10:41:14.342926	1	\\x5566778899AABBCCDDEEFF001122334455667788	English	The.Gold.Rush.1925.1080p.BluRay.AC3.x264-HDMaNiAcS	HDMaNiAcS		{"mkv": 1}	f	{"files": [{"name": "The.Gold.Rush.1925.1080p.BluRay.AC3.x264-HDMaNiAcS.mkv", "size": 8321233920}], "parent_folder": "The.Gold.Rush.1925.1080p.BluRay.AC3.x264-HDMaNiAcS"}	General\nUnique ID                                : 179639502249987895749525887233464447925 (0x87254F45BBE9FB1887C338F60283B3B5)\nComplete name                            : The.Gold.Rush.1925.1080p.BluRay.AC3.x264-HDMaNiAcS.mkv\nFormat                                   : Matroska\nFormat version                           : Version 2\nFile size                                : 7.75 GiB\nDuration                                 : 1h 12mn\nOverall bit rate                         : 15.3 Mbps\nEncoded date                             : UTC 2012-06-22 18:16:06\nWriting application                      : mkvmerge v5.5.0 ('Healer') built on Apr  6 2012 21:43:24\nWriting library                          : libebml v1.2.3 + libmatroska v1.3.0\n\nVideo\nID                                       : 1\nFormat                                   : AVC\nFormat/Info                              : Advanced Video Codec\nFormat profile                           : High@L4.1\nFormat settings, CABAC                   : Yes\nFormat settings, ReFrames                : 4 frames\nCodec ID                                 : V_MPEG4/ISO/AVC\nDuration                                 : 1h 12mn\nBit rate                                 : 14.9 Mbps\nWidth                                    : 1 436 pixels\nHeight                                   : 1 080 pixels\nDisplay aspect ratio                     : 4:3\nFrame rate                               : 23.976 fps\nColor space                              : YUV\nChroma subsampling                       : 4:2:0\nBit depth                                : 8 bits\nScan type                                : Progressive\nBits/(Pixel*Frame)                       : 0.399\nStream size                              : 7.37 GiB (95%)\nTitle                                    : The.Gold.Rush.1925.1080p.BluRay.AC3.x264-HDMaNiAcS\nWriting library                          : x264 core 120 r2164 da19765\nEncoding settings                        : cabac=1 / ref=4 / deblock=1:-3:-3 / analyse=0x3:0x133 / me=tesa / subme=11 / psy=1 / psy_rd=0.77:0.00 / mixed_ref=1 / me_range=24 / chroma_me=1 / trellis=2 / 8x8dct=1 / cqm=0 / deadzone=21,11 / fast_pskip=1 / chroma_qp_offset=-2 / threads=12 / sliced_threads=0 / nr=0 / decimate=1 / interlaced=0 / bluray_compat=0 / constrained_intra=0 / bframes=8 / b_pyramid=2 / b_adapt=2 / b_bias=0 / direct=3 / weightb=1 / open_gop=0 / weightp=2 / keyint=240 / keyint_min=23 / scenecut=40 / intra_refresh=0 / rc_lookahead=90 / rc=2pass / mbtree=1 / bitrate=14850 / ratetol=1.0 / qcomp=0.60 / qpmin=10 / qpmax=69 / qpstep=4 / cplxblur=20.0 / qblur=0.5 / ip_ratio=1.40 / aq=2:0.50\nLanguage                                 : English\nDefault                                  : Yes\nForced                                   : No\n\nAudio\nID                                       : 2\nFormat                                   : AC-3\nFormat/Info                              : Audio Coding 3\nMode extension                           : CM (complete main)\nFormat settings, Endianness              : Big\nCodec ID                                 : A_AC3\nDuration                                 : 1h 12mn\nBit rate mode                            : Constant\nBit rate                                 : 448 Kbps\nChannel(s)                               : 1 channel\nChannel positions                        : Front: C\nSampling rate                            : 48.0 KHz\nBit depth                                : 16 bits\nCompression mode                         : Lossy\nStream size                              : 232 MiB (3%)\nLanguage                                 : English\nDefault                                  : Yes\nForced                                   : No\n\nText #1\nID                                       : 3\nFormat                                   : PGS\nCodec ID                                 : S_HDMV/PGS\nCodec ID/Info                            : The same subtitle format used on BDs/HD-DVDs\nLanguage                                 : English\nDefault                                  : Yes\nForced                                   : No\n\nText #2\nID                                       : 4\nFormat                                   : UTF-8\nCodec ID                                 : S_TEXT/UTF8\nCodec ID/Info                            : UTF-8 Plain Text\nLanguage                                 : English\nDefault                                  : No\nForced                                   : No\n\nText #3\nID                                       : 5\nFormat                                   : UTF-8\nCodec ID                                 : S_TEXT/UTF8\nCodec ID/Info                            : UTF-8 Plain Text\nLanguage                                 : Greek\nDefault                                  : No\nForced                                   : No\n\nText #4\nID                                       : 6\nFormat                                   : UTF-8\nCodec ID                                 : S_TEXT/UTF8\nCodec ID/Info                            : UTF-8 Plain Text\nLanguage                                 : French\nDefault                                  : No\nForced                                   : No\n\nText #5\nID                                       : 7\nFormat                                   : UTF-8\nCodec ID                                 : S_TEXT/UTF8\nCodec ID/Info                            : UTF-8 Plain Text\nLanguage                                 : Portuguese\nDefault                                  : No\nForced                                   : No\n\nText #6\nID                                       : 8\nFormat                                   : UTF-8\nCodec ID                                 : S_TEXT/UTF8\nCodec ID/Info                            : UTF-8 Plain Text\nLanguage                                 : Spanish\nDefault                                  : No\nForced                                   : No\n\nText #7\nID                                       : 9\nFormat                                   : UTF-8\nCodec ID                                 : S_TEXT/UTF8\nCodec ID/Info                            : UTF-8 Plain Text\nLanguage                                 : Turkish\nDefault                                  : No\nForced                                   : No\n\nMenu\n00:00:00.000                             : en:00:00:00.000\n00:01:37.889                             : en:00:01:37.889\n00:04:35.650                             : en:00:04:35.650\n00:09:56.012                             : en:00:09:56.012\n00:14:08.556                             : en:00:14:08.556\n00:17:07.693                             : en:00:17:07.693\n00:23:12.975                             : en:00:23:12.975\n00:25:13.721                             : en:00:25:13.721\n00:30:22.195                             : en:00:30:22.195\n00:35:50.690                             : en:00:35:50.690\n00:39:10.014                             : en:00:39:10.014\n00:44:58.321                             : en:00:44:58.321\n00:46:28.244                             : en:00:46:28.244\n00:50:36.784                             : en:00:50:36.784\n00:54:58.754                             : en:00:54:58.754\n00:55:40.379                             : en:00:55:40.379\n00:57:52.427                             : en:00:57:52.427\n01:00:25.914                             : en:01:00:25.914\n01:06:57.972                             : en:01:06:57.972		f	MKV	8321233920	\N	ac3	\N	\N	\N	h264	{}	{""}	1080p
7	4	2025-03-31 10:37:49.789648	2025-03-31 10:37:49.789648	1	\\x66778899AABBCCDDEEFF00112233445566778899	English	The Gold Rush 1925 1080p Blu-Ray DTS x264-WiHD	WiHD		{"mkv": 1}	f	{"files": [{"name": "The Gold Rush 1925 1080p Blu-Ray DTS x264-WiHD.mkv", "size": 11427139815}], "parent_folder": ""}	General\nUnique ID                                : 204121119036637567174132304195361219226 (0x99904C2BCEB75751B1296D8ACE24A29A)\nComplete name                            : The Gold Rush 1925 1080p Blu-Ray DTS x264-WiHD.mkv\nFormat                                   : Matroska\nFormat version                           : Version 2\nFile size                                : 10.6 GiB\nDuration                                 : 1 h 29 min\nOverall bit rate                         : 17.1 Mb/s\nMovie name                               : The Gold Rush 1925 1080p Blu-Ray DTS x264-WiHD\nEncoded date                             : UTC 2012-06-20 00:57:00\nWriting application                      : mkvmerge v5.6.0 ('Kenya Kane') built on May 27 2012 16:44:04\nWriting library                          : libebml v1.2.3 + libmatroska v1.3.0\n\nVideo\nID                                       : 1\nFormat                                   : AVC\nFormat/Info                              : Advanced Video Codec\nFormat profile                           : High@L4.1\nFormat settings                          : CABAC / 5 Ref Frames\nFormat settings, CABAC                   : Yes\nFormat settings, ReFrames                : 5 frames\nCodec ID                                 : V_MPEG4/ISO/AVC\nDuration                                 : 1 h 29 min\nBit rate                                 : 15.2 Mb/s\nWidth                                    : 1 440 pixels\nHeight                                   : 1 080 pixels\nDisplay aspect ratio                     : 4:3\nFrame rate mode                          : Constant\nFrame rate                               : 23.976 (24000/1001) FPS\nColor space                              : YUV\nChroma subsampling                       : 4:2:0\nBit depth                                : 8 bits\nScan type                                : Progressive\nBits/(Pixel*Frame)                       : 0.408\nStream size                              : 9.49 GiB (89%)\nTitle                                    : The Gold Rush 1925 1080p @ 15.3 Mb/s\nWriting library                          : x264 core 125 r2200 999b753\nEncoding settings                        : cabac=1 / ref=5 / deblock=1:-3:-3 / analyse=0x3:0x113 / me=umh / subme=11 / psy=1 / psy_rd=1.00:0.01 / mixed_ref=1 / me_range=64 / chroma_me=1 / trellis=2 / 8x8dct=1 / cqm=0 / deadzone=6,6 / fast_pskip=0 / chroma_qp_offset=-3 / threads=12 / lookahead_threads=2 / sliced_threads=0 / nr=0 / decimate=0 / interlaced=0 / bluray_compat=0 / constrained_intra=0 / bframes=5 / b_pyramid=2 / b_adapt=2 / b_bias=0 / direct=3 / weightb=1 / open_gop=1 / weightp=2 / keyint=240 / keyint_min=23 / scenecut=40 / intra_refresh=0 / rc_lookahead=240 / rc=crf / mbtree=1 / crf=18.2 / qcomp=0.60 / qpmin=10 / qpmax=51 / qpstep=4 / vbv_maxrate=50000 / vbv_bufsize=50000 / crf_max=0.0 / nal_hrd=none / ip_ratio=1.40 / aq=2:1.00\nLanguage                                 : English\nDefault                                  : Yes\nForced                                   : No\nColor range                              : Limited\nColor primaries                          : BT.709\nTransfer characteristics                 : BT.709\nMatrix coefficients                      : BT.709\n\nAudio\nID                                       : 2\nFormat                                   : DTS\nFormat/Info                              : Digital Theater Systems\nCodec ID                                 : A_DTS\nDuration                                 : 1 h 29 min\nBit rate mode                            : Constant\nBit rate                                 : 1 509 kb/s\nChannel(s)                               : 6 channels\nChannel positions                        : Front: L C R, Side: L R, LFE\nSampling rate                            : 48.0 kHz\nFrame rate                               : 93.750 FPS (512 SPF)\nBit depth                                : 24 bits\nCompression mode                         : Lossy\nStream size                              : 963 MiB (9%)\nTitle                                    : The Gold Rush 1925 DTS @ 1.5 Mb/s 5.1 ENG\nLanguage                                 : English\nDefault                                  : Yes\nForced                                   : No\n\nMenu\n00:00:00.000                             : fr:00:00:00.000\n00:02:35.781                             : fr:00:02:35.781\n00:07:02.422                             : fr:00:07:02.422\n00:12:44.389                             : fr:00:12:44.389\n00:17:27.630                             : fr:00:17:27.630\n00:20:27.393                             : fr:00:20:27.393\n00:27:07.793                             : fr:00:27:07.793\n00:29:31.979                             : fr:00:29:31.979\n00:35:53.318                             : fr:00:35:53.318\n00:42:21.956                             : fr:00:42:21.956\n00:46:25.449                             : fr:00:46:25.449\n00:53:15.150                             : fr:00:53:15.150\n00:55:05.385                             : fr:00:55:05.385\n00:59:44.414                             : fr:00:59:44.414\n01:05:47.068                             : fr:01:05:47.068\n01:07:29.379                             : fr:01:07:29.379\n01:11:46.552                             : fr:01:11:46.552\n01:14:42.228                             : fr:01:14:42.228\n01:22:11.260                             : fr:01:22:11.260		f	MKV	11427139815	\N	dts	\N	\N	\N	h264	{}	{""}	1080p
3	2	2025-03-30 17:46:29.779262	2025-03-30 17:46:29.779262	1	\\x778899AABBCCDDEEFF0011223344556677889900	\N	The Beatles - Love Me Do (Single) (1992) [FLAC]		Track 1: Album version + reissue Single versions\nTrack 3: Initial Single version\n\n"The first version of 'Love Me Do' was available only on initial pressings of the 45 while the one included on the album 'Please Please Me' has always been the version with Andy White on drums. The single came out on Friday 5 October 1962." (Mark Lewisohn - Author of The Complete Beatles Chronicle).	{"cue": 1, "log": 1, "flac": 3}	f	{"files": [{"name": "01 Love Me Do.flac", "size": 11268945}, {"name": "02 P.S. I Love You.flac", "size": 9505300}, {"name": "03 Love Me Do (original single version).flac", "size": 11238335}, {"name": "Love Me Do (Single).cue", "size": 848}, {"name": "Love Me Do (Single).log", "size": 3852}], "parent_folder": "The Beatles - Love Me Do (Single) (1992) [FLAC]"}	none		f	FLAC	32017280	\N	flac	\N	Lossless	\N	\N	{Cue}	{""}	\N
11	7	2025-03-31 11:04:55.635493	2025-03-31 11:04:55.635493	1	\\x8899AABBCCDDEEFF0011223344556677889900AA	French	none			{"jpg": 1, "pdf": 1, "epub": 1, "mobi": 1}	f	{"files": [{"name": "Les Miserables - Tome I - Fantine - Victor Hugo.epub", "size": 501485}, {"name": "Les Miserables - Tome I - Fantine - Victor Hugo.mobi", "size": 646996}, {"name": "Les Miserables - Tome I - Fantine - Victor Hugo.pdf", "size": 5006768}, {"name": "cover.jpg", "size": 117560}], "parent_folder": "Les Miserables - Tome I - Fantine"}	none		f	PDF	6272809	\N	\N	\N	\N	\N	\N	{}	{""}	\N
12	8	2025-03-31 11:09:16.447595	2025-03-31 11:09:16.447595	1	\\x99AABBCCDDEEFF0011223344556677889900AABB	English				{"jpg": 1, "pdf": 1, "epub": 1, "mobi": 1}	f	{"files": [{"name": "Les Miserables - Tome I - Fantine - Victor Hugo.epub", "size": 501485}, {"name": "Les Miserables - Tome I - Fantine - Victor Hugo.mobi", "size": 646996}, {"name": "Les Miserables - Tome I - Fantine - Victor Hugo.pdf", "size": 5006768}, {"name": "cover.jpg", "size": 117560}], "parent_folder": "Les Miserables - Tome I - Fantine"}	none		f	EPUB	6272809	\N	\N	\N	\N	\N	\N	{}	{""}	\N
13	8	2025-03-31 11:10:39.764144	2025-03-31 11:10:39.764144	1	\\xAABBCCDDEEFF0011223344556677889900AABBCC	French				{"jpg": 1, "pdf": 1, "epub": 1, "mobi": 1}	f	{"files": [{"name": "Les Miserables - Tome I - Fantine - Victor Hugo.epub", "size": 501485}, {"name": "Les Miserables - Tome I - Fantine - Victor Hugo.mobi", "size": 646996}, {"name": "Les Miserables - Tome I - Fantine - Victor Hugo.pdf", "size": 5006768}, {"name": "cover.jpg", "size": 117560}], "parent_folder": "Les Miserables - Tome I - Fantine"}	none		f	EPUB	6272809	\N	\N	\N	\N	\N	\N	{}	{""}	\N
18	11	2025-03-31 12:05:21.264012	2025-03-31 12:05:21.264012	1	\\xBBCCDDEEFF0011223344556677889900AABBCCDD	English				{"jpg": 1, "pdf": 1, "epub": 1, "mobi": 1}	f	{"files": [{"name": "Les Miserables - Tome I - Fantine - Victor Hugo.epub", "size": 501485}, {"name": "Les Miserables - Tome I - Fantine - Victor Hugo.mobi", "size": 646996}, {"name": "Les Miserables - Tome I - Fantine - Victor Hugo.pdf", "size": 5006768}, {"name": "cover.jpg", "size": 117560}], "parent_folder": "Les Miserables - Tome I - Fantine"}	none		f	PDF	6272809	\N	\N	\N	\N	\N	\N	{}	{""}	\N
19	12	2025-03-31 12:15:51.683872	2025-03-31 12:15:51.683872	1	\\xCCDDEEFF0011223344556677889900AABBCCDDEE	English				{"jpg": 1, "pdf": 1, "epub": 1, "mobi": 1}	f	{"files": [{"name": "Les Miserables - Tome I - Fantine - Victor Hugo.epub", "size": 501485}, {"name": "Les Miserables - Tome I - Fantine - Victor Hugo.mobi", "size": 646996}, {"name": "Les Miserables - Tome I - Fantine - Victor Hugo.pdf", "size": 5006768}, {"name": "cover.jpg", "size": 117560}], "parent_folder": "Les Miserables - Tome I - Fantine"}	none		f	PDF	6272809	\N	\N	\N	\N	\N	\N	{}	{""}	\N
17	9	2025-03-31 11:42:20.339344	2025-03-31 11:42:20.339344	1	\\xDDEEFF0011223344556677889900AABBCCDDEEFF	French				{"mp3": 264}	f	{"files": [{"name": "1. Fantine/01 01_FANTINE_LES_MISERABLES_T1.mp3", "size": 19089789}, {"name": "1. Fantine/02 02_FANTINE_LES_MISERABLES_T1.mp3", "size": 21961668}, {"name": "1. Fantine/03 03_FANTINE_LES_MISERABLES_T1.mp3", "size": 19490526}, {"name": "1. Fantine/04 04_FANTINE_LES_MISERABLES_T1.mp3", "size": 15883476}, {"name": "1. Fantine/05 05_FANTINE_LES_MISERABLES_T1.mp3", "size": 22128051}, {"name": "1. Fantine/06 06_FANTINE_LES_MISERABLES_T1.mp3", "size": 14582019}, {"name": "1. Fantine/07 07_FANTINE_LES_MISERABLES_T1.mp3", "size": 9889935}, {"name": "1. Fantine/08 08_FANTINE_LES_MISERABLES_T1.mp3", "size": 23024601}, {"name": "1. Fantine/09 09_FANTINE_LES_MISERABLES_T1.mp3", "size": 25439031}, {"name": "1. Fantine/10 10_FANTINE_LES_MISERABLES_T1.mp3", "size": 20517180}, {"name": "1. Fantine/11 11_FANTINE_LES_MISERABLES_T1.mp3", "size": 23851929}, {"name": "1. Fantine/12 12_FANTINE_LES_MISERABLES_T1.mp3", "size": 17854635}, {"name": "1. Fantine/13 13_FANTINE_LES_MISERABLES_T1.mp3", "size": 22403271}, {"name": "1. Fantine/14 14_FANTINE_LES_MISERABLES_T1.mp3", "size": 25885221}, {"name": "1. Fantine/15 15_FANTINE_LES_MISERABLES_T1.mp3", "size": 25306842}, {"name": "1. Fantine/16 16_FANTINE_LES_MISERABLES_T1.mp3", "size": 24007887}, {"name": "1. Fantine/17 17_FANTINE_LES_MISERABLES_T1.mp3", "size": 24565833}, {"name": "1. Fantine/18 18_FANTINE_LES_MISERABLES_T1.mp3", "size": 20440035}, {"name": "1. Fantine/19 19_FANTINE_LES_MISERABLES_T1.mp3", "size": 11358192}, {"name": "1. Fantine/20 20_FANTINE_LES_MISERABLES_T1.mp3", "size": 24106716}, {"name": "1. Fantine/21 21_FANTINE_LES_MISERABLES_T1.mp3", "size": 22213953}, {"name": "1. Fantine/22 22_FANTINE_LES_MISERABLES_T1.mp3", "size": 26445252}, {"name": "1. Fantine/23 23_FANTINE_LES_MISERABLES_T1.mp3", "size": 27280920}, {"name": "1. Fantine/24 24_FANTINE_LES_MISERABLES_T1.mp3", "size": 28240854}, {"name": "1. Fantine/25 25_FANTINE_LES_MISERABLES_T1.mp3", "size": 16341759}, {"name": "1. Fantine/26 26_FANTINE_LES_MISERABLES_T1.mp3", "size": 23070054}, {"name": "1. Fantine/27 27_FANTINE_LES_MISERABLES_T1.mp3", "size": 18679878}, {"name": "1. Fantine/28 28_FANTINE_LES_MISERABLES_T1.mp3", "size": 9483777}, {"name": "1. Fantine/29 29_FANTINE_LES_MISERABLES_T1.mp3", "size": 22940367}, {"name": "1. Fantine/30 30_FANTINE_LES_MISERABLES_T1.mp3", "size": 24766827}, {"name": "1. Fantine/31 31_FANTINE_LES_MISERABLES_T1.mp3", "size": 23725578}, {"name": "1. Fantine/32 32_FANTINE_LES_MISERABLES_T1.mp3", "size": 16473114}, {"name": "1. Fantine/33 33_FANTINE_LES_MISERABLES_T1.mp3", "size": 10657215}, {"name": "1. Fantine/34 34_FANTINE_LES_MISERABLES_T1.mp3", "size": 22520031}, {"name": "1. Fantine/35 35_FANTINE_LES_MISERABLES_T1.mp3", "size": 21407058}, {"name": "2. Cosette/01 01_COSETTE_LES_MISERABLES_T2.mp3", "size": 4211767}, {"name": "2. Cosette/02 02_COSETTE_LES_MISERABLES_T2.mp3", "size": 15643787}, {"name": "2. Cosette/03 03_COSETTE_LES_MISERABLES_T2.mp3", "size": 5300551}, {"name": "2. Cosette/04 04_COSETTE_LES_MISERABLES_T2.mp3", "size": 4196303}, {"name": "2. Cosette/05 05_COSETTE_LES_MISERABLES_T2.mp3", "size": 6214210}, {"name": "2. Cosette/06 06_COSETTE_LES_MISERABLES_T2.mp3", "size": 6161547}, {"name": "2. Cosette/07 07_COSETTE_LES_MISERABLES_T2.mp3", "size": 11911829}, {"name": "2. Cosette/08 08_COSETTE_LES_MISERABLES_T2.mp3", "size": 5279653}, {"name": "2. Cosette/09 09_COSETTE_LES_MISERABLES_T2.mp3", "size": 7989282}, {"name": "2. Cosette/10 10_COSETTE_LES_MISERABLES_T2.mp3", "size": 10207392}, {"name": "2. Cosette/11 11_COSETTE_LES_MISERABLES_T2.mp3", "size": 3229563}, {"name": "2. Cosette/12 12_COSETTE_LES_MISERABLES_T2.mp3", "size": 3433945}, {"name": "2. Cosette/13 13_COSETTE_LES_MISERABLES_T2.mp3", "size": 5413400}, {"name": "2. Cosette/14 14_COSETTE_LES_MISERABLES_T2.mp3", "size": 2665318}, {"name": "2. Cosette/15 15_COSETTE_LES_MISERABLES_T2.mp3", "size": 4646445}, {"name": "2. Cosette/16 16_COSETTE_LES_MISERABLES_T2.mp3", "size": 10654608}, {"name": "2. Cosette/17 17_COSETTE_LES_MISERABLES_T2.mp3", "size": 3853576}, {"name": "2. Cosette/18 18_COSETTE_LES_MISERABLES_T2.mp3", "size": 5580584}, {"name": "2. Cosette/19 19_COSETTE_LES_MISERABLES_T2.mp3", "size": 12964668}, {"name": "2. Cosette/20 20_COSETTE_LES_MISERABLES_T2.mp3", "size": 5601899}, {"name": "2. Cosette/21 21_COSETTE_LES_MISERABLES_T2.mp3", "size": 9572930}, {"name": "2. Cosette/22 22_COSETTE_LES_MISERABLES_T2.mp3", "size": 16299147}, {"name": "2. Cosette/23 23_COSETTE_LES_MISERABLES_T2.mp3", "size": 7249077}, {"name": "2. Cosette/24 24_COSETTE_LES_MISERABLES_T2.mp3", "size": 11666905}, {"name": "2. Cosette/25 25_COSETTE_LES_MISERABLES_T2.mp3", "size": 4515624}, {"name": "2. Cosette/26 26_COSETTE_LES_MISERABLES_T2.mp3", "size": 3099578}, {"name": "2. Cosette/27 27_COSETTE_LES_MISERABLES_T2.mp3", "size": 11619258}, {"name": "2. Cosette/28 28_COSETTE_LES_MISERABLES_T2.mp3", "size": 10163506}, {"name": "2. Cosette/29 29_COSETTE_LES_MISERABLES_T2.mp3", "size": 5028042}, {"name": "2. Cosette/30 30_COSETTE_LES_MISERABLES_T2.mp3", "size": 35739682}, {"name": "2. Cosette/31 31_COSETTE_LES_MISERABLES_T2.mp3", "size": 15651310}, {"name": "2. Cosette/32 32_COSETTE_LES_MISERABLES_T2.mp3", "size": 9892668}, {"name": "2. Cosette/33 33_COSETTE_LES_MISERABLES_T2.mp3", "size": 3084949}, {"name": "2. Cosette/34 34_COSETTE_LES_MISERABLES_T2.mp3", "size": 13426095}, {"name": "2. Cosette/35 35_COSETTE_LES_MISERABLES_T2.mp3", "size": 3359548}, {"name": "2. Cosette/36 36_COSETTE_LES_MISERABLES_T2.mp3", "size": 8960619}, {"name": "2. Cosette/37 37_COSETTE_LES_MISERABLES_T2.mp3", "size": 4146984}, {"name": "2. Cosette/38 38_COSETTE_LES_MISERABLES_T2.mp3", "size": 6899663}, {"name": "2. Cosette/39 39_COSETTE_LES_MISERABLES_T2.mp3", "size": 7479790}, {"name": "2. Cosette/40 40_COSETTE_LES_MISERABLES_T2.mp3", "size": 3220786}, {"name": "2. Cosette/41 41_COSETTE_LES_MISERABLES_T2.mp3", "size": 6345449}, {"name": "2. Cosette/42 42_COSETTE_LES_MISERABLES_T2.mp3", "size": 5104528}, {"name": "2. Cosette/43 43_COSETTE_LES_MISERABLES_T2.mp3", "size": 7243225}, {"name": "2. Cosette/44 44_COSETTE_LES_MISERABLES_T2.mp3", "size": 5063986}, {"name": "2. Cosette/45 45_COSETTE_LES_MISERABLES_T2.mp3", "size": 4236845}, {"name": "2. Cosette/46 46_COSETTE_LES_MISERABLES_T2.mp3", "size": 3589008}, {"name": "2. Cosette/47 47_COSETTE_LES_MISERABLES_T2.mp3", "size": 6891722}, {"name": "2. Cosette/48 48_COSETTE_LES_MISERABLES_T2.mp3", "size": 17751973}, {"name": "2. Cosette/49 49_COSETTE_LES_MISERABLES_T2.mp3", "size": 8071620}, {"name": "2. Cosette/50 50_COSETTE_LES_MISERABLES_T2.mp3", "size": 13790974}, {"name": "2. Cosette/51 51_COSETTE_LES_MISERABLES_T2.mp3", "size": 2977534}, {"name": "2. Cosette/52 52_COSETTE_LES_MISERABLES_T2.mp3", "size": 6564459}, {"name": "2. Cosette/53 53_COSETTE_LES_MISERABLES_T2.mp3", "size": 10658370}, {"name": "2. Cosette/54 54_COSETTE_LES_MISERABLES_T2.mp3", "size": 5587271}, {"name": "2. Cosette/55 55_COSETTE_LES_MISERABLES_T2.mp3", "size": 4771833}, {"name": "2. Cosette/56 56_COSETTE_LES_MISERABLES_T2.mp3", "size": 3526314}, {"name": "2. Cosette/57 57_COSETTE_LES_MISERABLES_T2.mp3", "size": 4064228}, {"name": "2. Cosette/58 58_COSETTE_LES_MISERABLES_T2.mp3", "size": 3319424}, {"name": "2. Cosette/59 59_COSETTE_LES_MISERABLES_T2.mp3", "size": 3781269}, {"name": "2. Cosette/60 60_COSETTE_LES_MISERABLES_T2.mp3", "size": 1272260}, {"name": "2. Cosette/61 61_COSETTE_LES_MISERABLES_T2.mp3", "size": 6530605}, {"name": "2. Cosette/62 62_COSETTE_LES_MISERABLES_T2.mp3", "size": 4974125}, {"name": "2. Cosette/63 63_COSETTE_LES_MISERABLES_T2.mp3", "size": 3149733}, {"name": "2. Cosette/64 64_COSETTE_LES_MISERABLES_T2.mp3", "size": 2708368}, {"name": "2. Cosette/65 65_COSETTE_LES_MISERABLES_T2.mp3", "size": 4687405}, {"name": "2. Cosette/66 66_COSETTE_LES_MISERABLES_T2.mp3", "size": 1664724}, {"name": "2. Cosette/67 67_COSETTE_LES_MISERABLES_T2.mp3", "size": 4339245}, {"name": "2. Cosette/68 68_COSETTE_LES_MISERABLES_T2.mp3", "size": 15326556}, {"name": "2. Cosette/69 69_COSETTE_LES_MISERABLES_T2.mp3", "size": 4563689}, {"name": "2. Cosette/70 70_COSETTE_LES_MISERABLES_T2.mp3", "size": 17199431}, {"name": "2. Cosette/71 71_COSETTE_LES_MISERABLES_T2.mp3", "size": 10035193}, {"name": "2. Cosette/72 72_COSETTE_LES_MISERABLES_T2.mp3", "size": 11956133}, {"name": "2. Cosette/73 73_COSETTE_LES_MISERABLES_T2.mp3", "size": 3450664}, {"name": "2. Cosette/74 74_COSETTE_LES_MISERABLES_T2.mp3", "size": 13539362}, {"name": "2. Cosette/75 75_COSETTE_LES_MISERABLES_T2.mp3", "size": 6098853}, {"name": "2. Cosette/76 76_COSETTE_LES_MISERABLES_T2.mp3", "size": 14790732}, {"name": "3. Marius/01 01_MARIUS_LES_MISERABLES_T3.mp3", "size": 1727328}, {"name": "3. Marius/02 02_MARIUS_LES_MISERABLES_T3.mp3", "size": 2929956}, {"name": "3. Marius/03 03_MARIUS_LES_MISERABLES_T3.mp3", "size": 2741889}, {"name": "3. Marius/04 04_MARIUS_LES_MISERABLES_T3.mp3", "size": 1805307}, {"name": "3. Marius/05 05_MARIUS_LES_MISERABLES_T3.mp3", "size": 5341467}, {"name": "3. Marius/06 06_MARIUS_LES_MISERABLES_T3.mp3", "size": 4273113}, {"name": "3. Marius/07 07_MARIUS_LES_MISERABLES_T3.mp3", "size": 4234332}, {"name": "3. Marius/08 08_MARIUS_LES_MISERABLES_T3.mp3", "size": 3621759}, {"name": "3. Marius/09 09_MARIUS_LES_MISERABLES_T3.mp3", "size": 1867440}, {"name": "3. Marius/10 10_MARIUS_LES_MISERABLES_T3.mp3", "size": 7738383}, {"name": "3. Marius/11 11_MARIUS_LES_MISERABLES_T3.mp3", "size": 5233047}, {"name": "3. Marius/12 12_MARIUS_LES_MISERABLES_T3.mp3", "size": 2464584}, {"name": "3. Marius/13 13_MARIUS_LES_MISERABLES_T3.mp3", "size": 5486166}, {"name": "3. Marius/14 14_MARIUS_LES_MISERABLES_T3.mp3", "size": 4280619}, {"name": "3. Marius/15 15_MARIUS_LES_MISERABLES_T3.mp3", "size": 2652651}, {"name": "3. Marius/16 16_MARIUS_LES_MISERABLES_T3.mp3", "size": 2314047}, {"name": "3. Marius/17 17_MARIUS_LES_MISERABLES_T3.mp3", "size": 1929156}, {"name": "3. Marius/18 18_MARIUS_LES_MISERABLES_T3.mp3", "size": 3003348}, {"name": "3. Marius/19 19_MARIUS_LES_MISERABLES_T3.mp3", "size": 4603377}, {"name": "3. Marius/20 20_MARIUS_LES_MISERABLES_T3.mp3", "size": 1545933}, {"name": "3. Marius/21 21_MARIUS_LES_MISERABLES_T3.mp3", "size": 5391924}, {"name": "3. Marius/22 22_MARIUS_LES_MISERABLES_T3.mp3", "size": 8515254}, {"name": "3. Marius/23 23_MARIUS_LES_MISERABLES_T3.mp3", "size": 16086723}, {"name": "3. Marius/24 24_MARIUS_LES_MISERABLES_T3.mp3", "size": 18134193}, {"name": "3. Marius/25 25_MARIUS_LES_MISERABLES_T3.mp3", "size": 7938543}, {"name": "3. Marius/26 26_MARIUS_LES_MISERABLES_T3.mp3", "size": 3838182}, {"name": "3. Marius/27 27_MARIUS_LES_MISERABLES_T3.mp3", "size": 14773590}, {"name": "3. Marius/28 28_MARIUS_LES_MISERABLES_T3.mp3", "size": 10349220}, {"name": "3. Marius/29 29_MARIUS_LES_MISERABLES_T3.mp3", "size": 10847952}, {"name": "3. Marius/30 30_MARIUS_LES_MISERABLES_T3.mp3", "size": 32791743}, {"name": "3. Marius/31 31_MARIUS_LES_MISERABLES_T3.mp3", "size": 7703355}, {"name": "3. Marius/32 32_MARIUS_LES_MISERABLES_T3.mp3", "size": 4508301}, {"name": "3. Marius/33 33_MARIUS_LES_MISERABLES_T3.mp3", "size": 16783947}, {"name": "3. Marius/34 34_MARIUS_LES_MISERABLES_T3.mp3", "size": 8390571}, {"name": "3. Marius/35 35_MARIUS_LES_MISERABLES_T3.mp3", "size": 4988685}, {"name": "3. Marius/36 36_MARIUS_LES_MISERABLES_T3.mp3", "size": 5159238}, {"name": "3. Marius/37 37_MARIUS_LES_MISERABLES_T3.mp3", "size": 7234647}, {"name": "3. Marius/38 38_MARIUS_LES_MISERABLES_T3.mp3", "size": 10752042}, {"name": "3. Marius/39 39_MARIUS_LES_MISERABLES_T3.mp3", "size": 9514803}, {"name": "3. Marius/40 40_MARIUS_LES_MISERABLES_T3.mp3", "size": 5111283}, {"name": "3. Marius/41 41_MARIUS_LES_MISERABLES_T3.mp3", "size": 10035636}, {"name": "3. Marius/42 42_MARIUS_LES_MISERABLES_T3.mp3", "size": 7103292}, {"name": "3. Marius/43 43_MARIUS_LES_MISERABLES_T3.mp3", "size": 4982847}, {"name": "3. Marius/44 44_MARIUS_LES_MISERABLES_T3.mp3", "size": 2673918}, {"name": "3. Marius/45 45_MARIUS_LES_MISERABLES_T3.mp3", "size": 6192564}, {"name": "3. Marius/46 46_MARIUS_LES_MISERABLES_T3.mp3", "size": 2720622}, {"name": "3. Marius/47 47_MARIUS_LES_MISERABLES_T3.mp3", "size": 5550801}, {"name": "3. Marius/48 48_MARIUS_LES_MISERABLES_T3.mp3", "size": 4102977}, {"name": "3. Marius/49 49_MARIUS_LES_MISERABLES_T3.mp3", "size": 3830259}, {"name": "3. Marius/50 50_MARIUS_LES_MISERABLES_T3.mp3", "size": 4788942}, {"name": "3. Marius/51 51_MARIUS_LES_MISERABLES_T3.mp3", "size": 5795163}, {"name": "3. Marius/52 52_MARIUS_LES_MISERABLES_T3.mp3", "size": 3945768}, {"name": "3. Marius/53 53_MARIUS_LES_MISERABLES_T3.mp3", "size": 5797248}, {"name": "3. Marius/54 54_MARIUS_LES_MISERABLES_T3.mp3", "size": 5939028}, {"name": "3. Marius/55 55_MARIUS_LES_MISERABLES_T3.mp3", "size": 4254765}, {"name": "3. Marius/56 56_MARIUS_LES_MISERABLES_T3.mp3", "size": 3936177}, {"name": "3. Marius/57 57_MARIUS_LES_MISERABLES_T3.mp3", "size": 8963529}, {"name": "3. Marius/58 58_MARIUS_LES_MISERABLES_T3.mp3", "size": 13738596}, {"name": "3. Marius/59 59_MARIUS_LES_MISERABLES_T3.mp3", "size": 5388588}, {"name": "3. Marius/60 60_MARIUS_LES_MISERABLES_T3.mp3", "size": 9145758}, {"name": "3. Marius/61 61_MARIUS_LES_MISERABLES_T3.mp3", "size": 6461529}, {"name": "3. Marius/62 62_MARIUS_LES_MISERABLES_T3.mp3", "size": 4380282}, {"name": "3. Marius/63 63_MARIUS_LES_MISERABLES_T3.mp3", "size": 7623708}, {"name": "3. Marius/64 64_MARIUS_LES_MISERABLES_T3.mp3", "size": 6851007}, {"name": "3. Marius/65 65_MARIUS_LES_MISERABLES_T3.mp3", "size": 5330625}, {"name": "3. Marius/66 66_MARIUS_LES_MISERABLES_T3.mp3", "size": 9497706}, {"name": "3. Marius/67 67_MARIUS_LES_MISERABLES_T3.mp3", "size": 5454057}, {"name": "3. Marius/68 68_MARIUS_LES_MISERABLES_T3.mp3", "size": 6923982}, {"name": "3. Marius/69 69_MARIUS_LES_MISERABLES_T3.mp3", "size": 4714716}, {"name": "3. Marius/70 70_MARIUS_LES_MISERABLES_T3.mp3", "size": 6947334}, {"name": "3. Marius/71 71_MARIUS_LES_MISERABLES_T3.mp3", "size": 8279649}, {"name": "3. Marius/72 72_MARIUS_LES_MISERABLES_T3.mp3", "size": 3538776}, {"name": "3. Marius/73 73_MARIUS_LES_MISERABLES_T3.mp3", "size": 8803818}, {"name": "3. Marius/74 74_MARIUS_LES_MISERABLES_T3.mp3", "size": 49923354}, {"name": "3. Marius/75 75_MARIUS_LES_MISERABLES_T3.mp3", "size": 7386852}, {"name": "3. Marius/76 76_MARIUS_LES_MISERABLES_T3.mp3", "size": 3841101}, {"name": "4. L'idylle & l'épopée/01 01_L_IDYLLE_LES_MISERABLES_T4.mp3", "size": 21818488}, {"name": "4. L'idylle & l'épopée/02 02_L_IDYLLE_LES_MISERABLES_T4.mp3", "size": 30923311}, {"name": "4. L'idylle & l'épopée/03 03_L_IDYLLE_LES_MISERABLES_T4.mp3", "size": 29757205}, {"name": "4. L'idylle & l'épopée/04 04_L_IDYLLE_LES_MISERABLES_T4.mp3", "size": 21266782}, {"name": "4. L'idylle & l'épopée/05 05_L_IDYLLE_LES_MISERABLES_T4.mp3", "size": 16940905}, {"name": "4. L'idylle & l'épopée/06 06_L_IDYLLE_LES_MISERABLES_T4.mp3", "size": 14864066}, {"name": "4. L'idylle & l'épopée/07 07_L_IDYLLE_LES_MISERABLES_T4.mp3", "size": 19010221}, {"name": "4. L'idylle & l'épopée/08 08_L_IDYLLE_LES_MISERABLES_T4.mp3", "size": 16112092}, {"name": "4. L'idylle & l'épopée/09 09_L_IDYLLE_LES_MISERABLES_T4.mp3", "size": 29961587}, {"name": "4. L'idylle & l'épopée/10 10_L_IDYLLE_LES_MISERABLES_T4.mp3", "size": 21015589}, {"name": "4. L'idylle & l'épopée/11 11_L_IDYLLE_LES_MISERABLES_T4.mp3", "size": 11178084}, {"name": "4. L'idylle & l'épopée/12 12_L_IDYLLE_LES_MISERABLES_T4.mp3", "size": 15028742}, {"name": "4. L'idylle & l'épopée/13 13_L_IDYLLE_LES_MISERABLES_T4.mp3", "size": 12780121}, {"name": "4. L'idylle & l'épopée/14 14_L_IDYLLE_LES_MISERABLES_T4.mp3", "size": 49587697}, {"name": "4. L'idylle & l'épopée/15 15_L_IDYLLE_LES_MISERABLES_T4.mp3", "size": 28699350}, {"name": "4. L'idylle & l'épopée/16 16_L_IDYLLE_LES_MISERABLES_T4.mp3", "size": 37419651}, {"name": "4. L'idylle & l'épopée/17 17_L_IDYLLE_LES_MISERABLES_T4.mp3", "size": 21621212}, {"name": "4. L'idylle & l'épopée/18 18_L_IDYLLE_LES_MISERABLES_T4.mp3", "size": 19095484}, {"name": "4. L'idylle & l'épopée/19 19_L_IDYLLE_LES_MISERABLES_T4.mp3", "size": 20995109}, {"name": "4. L'idylle & l'épopée/20 20_L_IDYLLE_LES_MISERABLES_T4.mp3", "size": 14833973}, {"name": "4. L'idylle & l'épopée/21 21_L_IDYLLE_LES_MISERABLES_T4.mp3", "size": 26667233}, {"name": "4. L'idylle & l'épopée/22 22_L_IDYLLE_LES_MISERABLES_T4.mp3", "size": 10359302}, {"name": "4. L'idylle & l'épopée/23 23_L_IDYLLE_LES_MISERABLES_T4.mp3", "size": 9437284}, {"name": "4. L'idylle & l'épopée/24 24_L_IDYLLE_LES_MISERABLES_T4.mp3", "size": 24938136}, {"name": "4. L'idylle & l'épopée/25 25_L_IDYLLE_LES_MISERABLES_T4.mp3", "size": 25066449}, {"name": "4. L'idylle & l'épopée/26 26_L_IDYLLE_LES_MISERABLES_T4.mp3", "size": 6539990}, {"name": "4. L'idylle & l'épopée/27 27_L_IDYLLE_LES_MISERABLES_T4.mp3", "size": 11998955}, {"name": "4. L'idylle & l'épopée/28 28_L_IDYLLE_LES_MISERABLES_T4.mp3", "size": 7347906}, {"name": "4. L'idylle & l'épopée/29 29_L_IDYLLE_LES_MISERABLES_T4.mp3", "size": 5682338}, {"name": "4. L'idylle & l'épopée/30 30_L_IDYLLE_LES_MISERABLES_T4.mp3", "size": 31256425}, {"name": "4. L'idylle & l'épopée/31 31_L_IDYLLE_LES_MISERABLES_T4.mp3", "size": 14137653}, {"name": "4. L'idylle & l'épopée/32 32_L_IDYLLE_LES_MISERABLES_T4.mp3", "size": 9550133}, {"name": "4. L'idylle & l'épopée/33 33_L_IDYLLE_LES_MISERABLES_T4.mp3", "size": 18190185}, {"name": "4. L'idylle & l'épopée/34_L_IDYLLE_LES_MISERABLES_T4.mp3", "size": 13747266}, {"name": "4. L'idylle & l'épopée/35_L_IDYLLE_LES_MISERABLES_T4.mp3", "size": 14811397}, {"name": "4. L'idylle & l'épopée/36_L_IDYLLE_LES_MISERABLES_T4.mp3", "size": 12383472}, {"name": "4. L'idylle & l'épopée/37_L_IDYLLE_LES_MISERABLES_T4.mp3", "size": 8097718}, {"name": "4. L'idylle & l'épopée/38_L_IDYLLE_LES_MISERABLES_T4.mp3", "size": 13949983}, {"name": "4. L'idylle & l'épopée/39_L_IDYLLE_LES_MISERABLES_T4.mp3", "size": 8182146}, {"name": "4. L'idylle & l'épopée/40_L_IDYLLE_LES_MISERABLES_T4.mp3", "size": 29780187}, {"name": "4. L'idylle & l'épopée/41_L_IDYLLE_LES_MISERABLES_T4.mp3", "size": 13470166}, {"name": "5. Jean ValJean/01 01_JEAN_VALJEAN_LES_MISERABLES_T5.mp3", "size": 18247285}, {"name": "5. Jean ValJean/02 02_JEAN_VALJEAN_LES_MISERABLES_T5.mp3", "size": 13023631}, {"name": "5. Jean ValJean/03 03_JEAN_VALJEAN_LES_MISERABLES_T5.mp3", "size": 23649407}, {"name": "5. Jean ValJean/04 04_JEAN_VALJEAN_LES_MISERABLES_T5.mp3", "size": 13196666}, {"name": "5. Jean ValJean/05 05_JEAN_VALJEAN_LES_MISERABLES_T5.mp3", "size": 9896461}, {"name": "5. Jean ValJean/06 06_JEAN_VALJEAN_LES_MISERABLES_T5.mp3", "size": 11610511}, {"name": "5. Jean ValJean/07 07_JEAN_VALJEAN_LES_MISERABLES_T5.mp3", "size": 11422430}, {"name": "5. Jean ValJean/08 08_JEAN_VALJEAN_LES_MISERABLES_T5.mp3", "size": 10813045}, {"name": "5. Jean ValJean/09 09_JEAN_VALJEAN_LES_MISERABLES_T5.mp3", "size": 24201950}, {"name": "5. Jean ValJean/10 10_JEAN_VALJEAN_LES_MISERABLES_T5.mp3", "size": 13882955}, {"name": "5. Jean ValJean/11 11_JEAN_VALJEAN_LES_MISERABLES_T5.mp3", "size": 31538805}, {"name": "5. Jean ValJean/12 12_JEAN_VALJEAN_LES_MISERABLES_T5.mp3", "size": 14796614}, {"name": "5. Jean ValJean/13 13_JEAN_VALJEAN_LES_MISERABLES_T5.mp3", "size": 6200447}, {"name": "5. Jean ValJean/14 14_JEAN_VALJEAN_LES_MISERABLES_T5.mp3", "size": 17414292}, {"name": "5. Jean ValJean/15 15_JEAN_VALJEAN_LES_MISERABLES_T5.mp3", "size": 15136415}, {"name": "5. Jean ValJean/16 16_JEAN_VALJEAN_LES_MISERABLES_T5.mp3", "size": 14157554}, {"name": "5. Jean ValJean/17 17_JEAN_VALJEAN_LES_MISERABLES_T5.mp3", "size": 19077352}, {"name": "5. Jean ValJean/18 18_JEAN_VALJEAN_LES_MISERABLES_T5.mp3", "size": 17137603}, {"name": "5. Jean ValJean/19 19_JEAN_VALJEAN_LES_MISERABLES_T5.mp3", "size": 15522609}, {"name": "5. Jean ValJean/20 20_JEAN_VALJEAN_LES_MISERABLES_T5.mp3", "size": 16911905}, {"name": "5. Jean ValJean/21 21_JEAN_VALJEAN_LES_MISERABLES_T5.mp3", "size": 13452457}, {"name": "5. Jean ValJean/22 22_JEAN_VALJEAN_LES_MISERABLES_T5.mp3", "size": 18248539}, {"name": "5. Jean ValJean/23 23_JEAN_VALJEAN_LES_MISERABLES_T5.mp3", "size": 30634341}, {"name": "5. Jean ValJean/24 24_JEAN_VALJEAN_LES_MISERABLES_T5.mp3", "size": 19738981}, {"name": "5. Jean ValJean/25 25_JEAN_VALJEAN_LES_MISERABLES_T5.mp3", "size": 18682798}, {"name": "5. Jean ValJean/26 26_JEAN_VALJEAN_LES_MISERABLES_T5.mp3", "size": 22890812}, {"name": "5. Jean ValJean/27 27_JEAN_VALJEAN_LES_MISERABLES_T5.mp3", "size": 14848441}, {"name": "5. Jean ValJean/28 28_JEAN_VALJEAN_LES_MISERABLES_T5.mp3", "size": 19155510}, {"name": "5. Jean ValJean/29 29_JEAN_VALJEAN_LES_MISERABLES_T5.mp3", "size": 29154766}, {"name": "5. Jean ValJean/30 30_JEAN_VALJEAN_LES_MISERABLES_T5.mp3", "size": 11190462}, {"name": "5. Jean ValJean/31 31_JEAN_VALJEAN_LES_MISERABLES_T5.mp3", "size": 61236895}, {"name": "5. Jean ValJean/32 32_JEAN_VALJEAN_LES_MISERABLES_T5.mp3", "size": 16760604}, {"name": "5. Jean ValJean/33 33_JEAN_VALJEAN_LES_MISERABLES_T5.mp3", "size": 14239461}, {"name": "5. Jean ValJean/34 34_JEAN_VALJEAN_LES_MISERABLES_T5.mp3", "size": 9072245}, {"name": "5. Jean ValJean/35 35_JEAN_VALJEAN_LES_MISERABLES_T5.mp3", "size": 48860287}, {"name": "5. Jean ValJean/36 36_JEAN_VALJEAN_LES_MISERABLES_T5.mp3", "size": 31350305}], "parent_folder": "Les Misérables"}	none		f	MP3	3311208978	\N	aac	\N	\N	\N	\N	{}	{""}	\N
16	10	2025-03-31 11:41:42.59817	2025-03-31 11:41:42.59817	1	\\xEEFF0011223344556677889900AABBCCDDEEFFAA	English				{"cue": 1, "jpg": 1, "m4b": 1, "nfo": 1}	f	{"files": [{"name": "Les Misérables.cue", "size": 21749}, {"name": "Les Misérables.jpg", "size": 58086}, {"name": "Les Misérables.m4b", "size": 1793502945}, {"name": "Les Misérables.nfo", "size": 1406}], "parent_folder": "Victor Hugo, Isabel F. Hapgood - translator - Les Misérables.M4B"}	none		f	M4A	1793584186	\N	aac	\N	\N	\N	\N	{Cue}	{""}	\N
20	13	2025-03-31 13:40:01.861757	2025-03-31 13:40:01.861757	1	\\xFF0011223344556677889900AABBCCDDEEFFAABB	English			ripped from casefilepodcast.com	{"mp3": 46}	f	{"files": [{"name": "2016-04-23 Case 16 Chris & Cru Kahui.mp3", "size": 84141645}, {"name": "2016-01-16 Case 02 The Somerton Man.mp3", "size": 45786191}, {"name": "2016-01-23 Case 03 Lauria Bible & Ashley Freeman.mp3", "size": 38215303}, {"name": "2016-01-30 Case 04 Who Put Bella In The ‘Witch’ Elm.mp3", "size": 33386207}, {"name": "2016-02-06 Case 05 Donna Wheeler.mp3", "size": 24917614}, {"name": "2016-02-13 Case 06 Roger Dean.mp3", "size": 34471071}, {"name": "2016-02-20 Case 07 Julian Buchwald & Carolynne Watson.mp3", "size": 22220928}, {"name": "2016-02-27 Case 08 Holly Wells & Jessica Chapman.mp3", "size": 34088253}, {"name": "2016-03-05 Case 09 Jonathan Luna.mp3", "size": 37194983}, {"name": "2016-03-12 Case 10 Peter Shellard.mp3", "size": 22624695}, {"name": "2016-03-19 Case 11 Anneliese Michel.mp3", "size": 46114165}, {"name": "2016-03-26 Case 12 Katherine Knight.mp3", "size": 47534755}, {"name": "2016-04-02 Case 13 The Family Court Murders.mp3", "size": 2023758}, {"name": "2016-04-09 Case 14 Helen Munnings.mp3", "size": 26132139}, {"name": "2016-04-16 Case 15 The Weepy Voiced Killer.mp3", "size": 28137474}, {"name": "2016-01-09 Case 01 The Wanda Beach Murders.mp3", "size": 74680017}, {"name": "2016-04-30 Case 17 The Eriksson Twins.mp3", "size": 33966853}, {"name": "2016-05-07 Case 18 The North Hollywood Shootout.mp3", "size": 63229329}, {"name": "2016-05-14 Case 19 Snowtown.mp3", "size": 1909508}, {"name": "2016-05-21 Case 20 Stoni Blair & Stephen Berry.mp3", "size": 34723380}, {"name": "2016-05-28 Case 21 Pamela Lawrence.mp3", "size": 65232328}, {"name": "2016-06-11 Case 22 Marguerite Edwards.mp3", "size": 29244743}, {"name": "2016-06-18 Case 23 The Frankston Serial Killer (Part 1).mp3", "size": 34072490}, {"name": "2016-06-25 Case 23 The Frankston Serial Killer (Part 2).mp3", "size": 30600114}, {"name": "2016-07-02 Case 24 Russell Street Bombing (Part 1).mp3", "size": 24994730}, {"name": "2016-07-09 Case 24 Russell Street Bombing (Part 2).mp3", "size": 38199549}, {"name": "2016-07-16 Case 25 Prue Bird.mp3", "size": 30656191}, {"name": "2016-07-23 Case 26 Lisa Marie Young.mp3", "size": 23864541}, {"name": "2016-07-30 Case 27 The West Mesa Bone Collector.mp3", "size": 33133516}, {"name": "2016-08-06 Case 28 Lindsay Buziak.mp3", "size": 76678687}, {"name": "2016-08-13 Case 29 The Burgate House Murders.mp3", "size": 25223340}, {"name": "2016-08-20 Case 30 The Claremont Serial Killer.mp3", "size": 1945374}, {"name": "2016-08-24 Case 28 Lindsay Buziak Follow Up.mp3", "size": 7737810}, {"name": "2016-08-27 Case 31 The Killer Couple.mp3", "size": 41453567}, {"name": "2016-09-04 Case 32 Grace & Kathleen Holmes.mp3", "size": 35630974}, {"name": "2016-09-17 Case 33 Jaycee Lee Dugard.mp3", "size": 67521083}, {"name": "2016-09-24 Case 34 The Catholic Mafia.mp3", "size": 57822291}, {"name": "2016-10-08 Case 35 Operation Mayan.mp3", "size": 48447335}, {"name": "2016-10-15 Case 36 Amok.mp3", "size": 36727614}, {"name": "2016-10-22 Case 37 The Yorkshire Ripper (Part 1).mp3", "size": 65711808}, {"name": "2016-10-29 Case 37 The Yorkshire Ripper (Part 2).mp3", "size": 79069491}, {"name": "2016-11-05 Case 37 The Yorkshire Ripper (Part 3).mp3", "size": 52381007}, {"name": "2016-11-12 Case 38 The Pikuls.mp3", "size": 81465559}, {"name": "2016-12-03 Case 39 Janelle Patton.mp3", "size": 62046461}, {"name": "2016-12-10 Case 40 John Newman.mp3", "size": 64170702}, {"name": "2016-12-23 Case 26 Lisa Marie Young Update.mp3", "size": 6782709}], "parent_folder": "Casefile True Crime [January 2016 - December 2016 - MP3 - 128kps]"}	none		f	MP3	1856312282	\N	mp3	\N	\N	\N	\N	{}	{""}	\N
21	14	2025-03-31 13:47:59.40496	2025-03-31 13:47:59.40496	1	\\x00FFEEDDCCBBAA99887766554433221100FFEEDD	English				{"mp3": 39}	f	{"files": [{"name": "2017-04-15 Case 50 Jennifer Pan.mp3", "size": 157438970}, {"name": "2017-01-14 Case 42 Sherri Rasmussen.mp3", "size": 65522168}, {"name": "2017-01-21 Case 43 Keith Warren.mp3", "size": 46537256}, {"name": "2017-01-28 Case 44 Peter Falconio.mp3", "size": 112147947}, {"name": "2017-02-11 Case 45 Port Arthur.mp3", "size": 80080569}, {"name": "2017-02-18 Case 46 The Frankston and Tynong North Serial Killer.mp3", "size": 66807254}, {"name": "2017-02-25 Case 47 Yara Gambirasio.mp3", "size": 46009430}, {"name": "2017-03-04 Case 48 Suzy Lamplugh.mp3", "size": 57932360}, {"name": "2017-03-18 Case 49 The Moors Murders (Part 1).mp3", "size": 83922061}, {"name": "2017-03-25 Case 49 The Moors Murders (Part 2).mp3", "size": 100784917}, {"name": "2017-04-01 Case 49 The Moors Murders (Part 3).mp3", "size": 114287270}, {"name": "2017-01-07 Case 41 Mr Cruel.mp3", "size": 64606039}, {"name": "2017-04-22 Case 51 Tina Watson.mp3", "size": 146970272}, {"name": "2017-05-06 Case 52 Mary & Beth Stauffer, Jason Wilkman.mp3", "size": 114525764}, {"name": "2017-05-13 Case 53 The East Area Rapist 1976 (Part 1).mp3", "size": 112535854}, {"name": "2017-05-20 Case 53 The East Area Rapist 1977 (Part 2).mp3", "size": 99735981}, {"name": "2017-05-27 Case 53 The East Area Rapist 1977–1978 (Part 3).mp3", "size": 98859529}, {"name": "2017-06-03 Case 53 The East Area Rapist 1978–1979 (Part 4).mp3", "size": 87437297}, {"name": "2017-06-03 Case 53 The East Area RapistOriginal Night Stalker (Part 5).mp3", "size": 91105271}, {"name": "2017-07-01 Case 54 Daniel Morcombe.mp3", "size": 86897489}, {"name": "2017-07-22 Case 56 Anita Cobby.mp3", "size": 96087691}, {"name": "2017-07-29 Case 57 Walsh Street.mp3", "size": 106566700}, {"name": "2017-08-12 Case 58 Shannon Matthews.mp3", "size": 64091968}, {"name": "2017-08-18 Case 59 Amy Lynn Bradley.mp3", "size": 73565178}, {"name": "2017-09-16 Case 60 Jonestown (Part 1).mp3", "size": 83371292}, {"name": "2017-09-16 Case 60 Jonestown (Part 2).mp3", "size": 61093884}, {"name": "2017-09-23 Case 60 Jonestown (Part 3).mp3", "size": 60678729}, {"name": "2017-09-30 Case 61 The Lin Family.mp3", "size": 64935754}, {"name": "2017-10-07 Case 62 The Honolulu Strangler.mp3", "size": 43861083}, {"name": "2017-10-14 Case 63 Catherine Holmes & Georgina Watmore.mp3", "size": 43272435}, {"name": "2017-10-22 Case 46 The Frankston & Tynong North Serial Killer Update.mp3", "size": 33578369}, {"name": "2017-10-28 Case 64 Peter Weinberger.mp3", "size": 56830105}, {"name": "2017-11-04 Case 65 Allison Baden-Clay.mp3", "size": 92321470}, {"name": "2017-11-11 Case 66 The Black Widow.mp3", "size": 63569089}, {"name": "2017-11-18 Case 67 The Battle of Alcatraz.mp3", "size": 66247627}, {"name": "2017-11-25 Case 68 Escape from Alcatraz.mp3", "size": 63293854}, {"name": "2017-12-02 Case 69 Gary Patterson.mp3", "size": 57791530}, {"name": "2017-12-09 Case 70 The Kimberley Killer.mp3", "size": 55007380}, {"name": "2017-12-16 Case 71 Elodie Morel.mp3", "size": 54914289}], "parent_folder": "Casefile True Crime [January 2017 - December 2017 - MP3 - 128kps]"}	none		f	MP3	3075222125	\N	mp3	\N	\N	\N	\N	{}	{""}	\N
22	15	2025-03-31 13:52:51.246603	2025-03-31 13:52:51.246603	1	\\xFFEEDDCCBBAA99887766554433221100FFEEDDCC	English				{"mp3": 40}	f	{"files": [{"name": "2018-11-17 Case 100 The Beaumont Children.mp3", "size": 110142302}, {"name": "2018-01-17 Case 73 The Lady in the Barrel.mp3", "size": 43849447}, {"name": "2018-01-20 Case 74 Eric Coy.mp3", "size": 59610999}, {"name": "2018-01-27 Case 75 Graeme Thorne.mp3", "size": 62378450}, {"name": "2018-02-10 Case 76 Silk Road (Part 1).mp3", "size": 80558656}, {"name": "2018-02-17 Case 76 Silk Road (Part 2).mp3", "size": 77029236}, {"name": "2018-02-24 Case 76 Silk Road (Part 3).mp3", "size": 63717529}, {"name": "2018-03-10 Case 77 Mia Zapata.mp3", "size": 59229595}, {"name": "2018-03-17 Case 78 The Janabi Family.mp3", "size": 102812356}, {"name": "2018-03-24 Case 79 Rayna Rison.mp3", "size": 62883158}, {"name": "2018-04-07 Case 80 Beth Barnard.mp3", "size": 4877695}, {"name": "2018-04-14 Case 81 Brian Wells.mp3", "size": 95412794}, {"name": "2018-04-21 Case 82 Maria Korp.mp3", "size": 96032519}, {"name": "2018-04-24 Case 03 Lauria Bible and Ashley Freeman Update.mp3", "size": 9782076}, {"name": "2018-04-26 Case 53 EAR-ONSGolden State Killer Update.mp3", "size": 35222412}, {"name": "2018-05-05 Case 83 Chantelle & Leela McDougall, Tony Popic.mp3", "size": 63761821}, {"name": "2018-05-12 Case 84 Lesley Molseed (Part 1).mp3", "size": 75870426}, {"name": "2018-05-19 Case 84 Lesley Molseed (Part 2).mp3", "size": 60139749}, {"name": "2018-06-02 Case 85 Tom Brown.mp3", "size": 52797445}, {"name": "2018-06-09 Case 86 Amy Allwine.mp3", "size": 77811479}, {"name": "2018-06-16 Case 87 Elaine O’Hara.mp3", "size": 60954100}, {"name": "2018-07-07 Case 88 Stephen Hilder.mp3", "size": 60222070}, {"name": "2018-07-14 Case 89 Ella Tundra.mp3", "size": 58325550}, {"name": "2018-07-28 Case 90 Hoddle Street.mp3", "size": 66907212}, {"name": "2018-08-04 Case 91 Carly Ryan.mp3", "size": 64489086}, {"name": "2018-08-11 Case 92 Dnepropetrovsk Maniacs.mp3", "size": 60309090}, {"name": "2018-08-25 Case 93 Susan Snow & Bruce Nickell.mp3", "size": 92735022}, {"name": "2018-09-01 Case 94 Millie & Trevor Horn, Janice Saunders.mp3", "size": 71276598}, {"name": "2018-09-08 Case 95 The Vampire of Krakow.mp3", "size": 70619840}, {"name": "2018-09-22 Case 96 The Toy Box (Part 1).mp3", "size": 66204467}, {"name": "2018-09-29 Case 96 The Toy Box (Part 2).mp3", "size": 73296324}, {"name": "2018-10-05 Case 96 The Toy Box (Part 3).mp3", "size": 69117800}, {"name": "2018-10-20 Case 97 Rebecca Schaeffer.mp3", "size": 78189188}, {"name": "2018-10-27 Case 98 The Pillow Pyro.mp3", "size": 93366788}, {"name": "2018-11-10 Case 99 Becky Watts.mp3", "size": 100592147}, {"name": "2018-01-13 Case 72 Wilhelmina Kruger & Anna Dowlingkoa.mp3", "size": 58831209}, {"name": "2018-11-24 Case 101 Sian Kingi.mp3", "size": 85932820}, {"name": "2018-12-01 Case 102 Britt Lapthorne.mp3", "size": 109402327}, {"name": "2018-12-15 Case 103 The Gonzales Family.mp3", "size": 89457389}, {"name": "2018-12-22 Case 104 Mark & John.mp3", "size": 59426340}], "parent_folder": "Casefile True Crime [January 2018 - December 2018 - MP3 - 128kps]"}	none		f	MP3	2783575511	\N	mp3	\N	\N	\N	\N	{}	{""}	\N
23	16	2025-03-31 14:09:39.642721	2025-03-31 14:09:39.642721	1	\\xEEDDCCBBAA99887766554433221100FFEEDDCCBB	\N	linux			{"xz": 1}	f	{"files": [{"name": "yuzu-linux-20240304-537296095.tar.xz", "size": 7489924}], "parent_folder": ""}	none		f	XZ	7489924	\N	\N	\N	\N	\N	\N	{}	{""}	\N
24	16	2025-03-31 14:13:10.082476	2025-03-31 14:13:10.082476	1	\\xDDCCBBAA99887766554433221100FFEEDDCCBBAA	\N				{"AppImage": 1}	f	{"files": [{"name": "yuzu-mainline-20240304-537296095.AppImage", "size": 67220672}], "parent_folder": ""}	none		f	AppImage	67220672	\N	\N	\N	\N	\N	\N	{}	{""}	\N
25	16	2025-03-31 14:13:59.89458	2025-03-31 14:13:59.89458	1	\\xCCBBAA99887766554433221100FFEEDDCCBBAA99	\N	windows			{"zip": 1}	f	{"files": [{"name": "yuzu-windows-msvc-20240304-537296095.zip", "size": 100060892}], "parent_folder": ""}	none		f	ZIP	100060892	\N	\N	\N	\N	\N	\N	{}	{""}	\N
26	17	2025-03-31 18:40:58.13163	2025-03-31 18:40:58.13163	1	\\xBBAA99887766554433221100FFEEDDCCBBAA9988	English	Pimp.My.Ride.S01E10.Shondas.Mustang.Convertible.480p.AMZN.WEB-DL.DDP.2.0.H.264-FLUX	FLUX		{"mkv": 15}	f	{"files": [{"name": "Pimp.My.Ride.S01E01.Wyatts.Daihatsu.Hi-Jet.480p.AMZN.WEB-DL.DDP.2.0.H.264-FLUX.mkv", "size": 349415938}, {"name": "Pimp.My.Ride.S01E02.Niles.Cadillac.Sedan.DeVille.480p.AMZN.WEB-DL.DDP.2.0.H.264-FLUX.mkv", "size": 358509537}, {"name": "Pimp.My.Ride.S01E03.Logans.Oldsmobile.Cutlass.Supreme.480p.AMZN.WEB-DL.DDP.2.0.H.264-FLUX.mkv", "size": 358037970}, {"name": "Pimp.My.Ride.S01E04.Christines.Honda.Civic.480p.AMZN.WEB-DL.DDP.2.0.H.264-FLUX.mkv", "size": 358767407}, {"name": "Pimp.My.Ride.S01E05.Antwons.Mitsubishi.Mirage.480p.AMZN.WEB-DL.DDP.2.0.H.264-FLUX.mkv", "size": 346491744}, {"name": "Pimp.My.Ride.S01E06.Marys.Ford.Mustang.480p.AMZN.WEB-DL.DDP.2.0.H.264-FLUX.mkv", "size": 358595355}, {"name": "Pimp.My.Ride.S01E07.Jareds.Ford.Ranger.480p.AMZN.WEB-DL.DDP.2.0.H.264-FLUX.mkv", "size": 358666482}, {"name": "Pimp.My.Ride.S01E08.Danelles.Pontiac.Trans.Am.480p.AMZN.WEB-DL.DDP.2.0.H.264-FLUX.mkv", "size": 350524311}, {"name": "Pimp.My.Ride.S01E09.Neils.Chev.480p.AMZN.WEB-DL.DDP.2.0.H.264-FLUX.mkv", "size": 346162274}, {"name": "Pimp.My.Ride.S01E10.Shondas.Mustang.Convertible.480p.AMZN.WEB-DL.DDP.2.0.H.264-FLUX.mkv", "size": 346443667}, {"name": "Pimp.My.Ride.S01E11.Ezras.Nissan.Maxima.Station.Wagon.480p.AMZN.WEB-DL.DDP.2.0.H.264-FLUX.mkv", "size": 344269866}, {"name": "Pimp.My.Ride.S01E12.Krissys.Volkswagen.Baja.Bug.480p.AMZN.WEB-DL.DDP.2.0.H.264-FLUX.mkv", "size": 350027035}, {"name": "Pimp.My.Ride.S01E13.Brians.Honda.CRX.480p.AMZN.WEB-DL.DDP.2.0.H.264-FLUX.mkv", "size": 350356998}, {"name": "Pimp.My.Ride.S01E14.Gabys.Toyota.Land.Cruiser.480p.AMZN.WEB-DL.DDP.2.0.H.264-FLUX.mkv", "size": 350489018}, {"name": "Pimp.My.Ride.S01E15.Kerrys.Ford.Escort.480p.AMZN.WEB-DL.DDP.2.0.H.264-FLUX.mkv", "size": 349962251}], "parent_folder": "Pimp.My.Ride.S01.480p.AMZN.WEB-DL.DDP.2.0.H.264-FLUX"}	General\nUnique ID : 121305246697873301058184902193704181839 (0x5B428A6B7D82F98C69F9DEACA5B5A04F)\nComplete name : Pimp.My.Ride.S01E10.Shondas.Mustang.Convertible.480p.AMZN.WEB-DL.DDP.2.0.H.264-FLUX.mkv\nFormat : Matroska\nFormat version : Version 4\nFile size : 330 MiB\nDuration : 20 min 48 s\nOverall bit rate : 2 220 kb/s\nMovie name : Pimp My Ride - S01E10 - Shondas Mustang Convertible\nDescription : Shanda's 1989 Mustang convertible gives new meaning to the term \\"rag top.\\" This ride is so busted, there's a gaping hole in the ceiling. there's also trouble for backseat passengers, one window is missing and the other won't roll down. And forget about listening to the radio, turning on the heat, or the air conditioning, 'cause none of this stuff works.\nEncoded date : UTC 2021-07-21 08:29:00\nWriting application : mkvmerge v59.0.0 ('Shining Star') 64-bit\nWriting library : libebml v1.4.2 + libmatroska v1.6.4\nIMDB : tt0395891\nTMDB : tv/1976\n\nVideo\nID : 1\nFormat : AVC\nFormat/Info : Advanced Video Codec\nFormat profile : Main@L3\nFormat settings : CABAC / 4 Ref Frames\nFormat settings, CABAC : Yes\nFormat settings, Reference frames : 4 frames\nCodec ID : V_MPEG4/ISO/AVC\nDuration : 20 min 48 s\nBit rate mode : Constant\nBit rate : 2 000 kb/s\nWidth : 640 pixels\nHeight : 480 pixels\nDisplay aspect ratio : 4:3\nFrame rate mode : Constant\nFrame rate : 29.970 (30000/1001) FPS\nColor space : YUV\nChroma subsampling : 4:2:0\nBit depth : 8 bits\nScan type : Progressive\nBits/(Pixel*Frame) : 0.217\nStream size : 297 MiB (90%)\nLanguage : English\nDefault : Yes\nForced : No\nColor range : Limited\n\nAudio\nID : 2\nFormat : E-AC-3\nFormat/Info : Enhanced AC-3\nCommercial name : Dolby Digital Plus\nCodec ID : A_EAC3\nDuration : 20 min 48 s\nBit rate mode : Constant\nBit rate : 224 kb/s\nChannel(s) : 2 channels\nChannel layout : L R\nSampling rate : 48.0 kHz\nFrame rate : 31.250 FPS (1536 SPF)\nCompression mode : Lossy\nStream size : 33.3 MiB (10%)\nLanguage : English\nService kind : Complete Main\nDefault : Yes\nForced : No\n\nText\nID : 3\nFormat : UTF-8\nCodec ID : S_TEXT/UTF8\nCodec ID/Info : UTF-8 Plain Text\nDuration : 20 min 41 s\nBit rate : 108 b/s\nCount of elements : 774\nStream size : 16.4 KiB (0%)\nTitle : English [CC]\nLanguage : English\nDefault : No\nForced : No		f	MKV	5276719853	\N	ac3	\N	\N	\N	h264	{}	{""}	SD
27	18	2025-03-31 18:50:33.203661	2025-03-31 18:50:33.203661	1	\\xAA99887766554433221100FFEEDDCCBBAA998877	English	Pimp.My.Ride.S01.EXTRAS.DVDRip.H.264-BTN	BTN		{"mkv": 5}	f	{"files": [{"name": "Pimp.My.Ride.S01.Deleted.Scenes.DVDRip.x264-BTN.mkv", "size": 1324152702}, {"name": "Pimp.My.Ride.S01.West.Coast.Customs.What.We.Drive.DVDRip.x264-BTN.mkv", "size": 165963144}, {"name": "Pimp.My.Ride.S01.Xzibit.What.U.See.Is.What.U.Get.DVDRip.x264-BTN.mkv", "size": 161392549}, {"name": "Pimp.My.Ride.S01.Outtakes.DVDRip.x264-BTN.mkv", "size": 68286421}, {"name": "Pimp.My.Ride.S01.Travis.Barker from.Blink.182.DVDRip.x264-BTN.mkv", "size": 55448336}], "parent_folder": "Pimp.My.Ride.S01.EXTRAS.DVDRip.x264-BTN"}	General\nUnique ID : 127058491620517286577746533525025030111 (0x5F96934B73D3391A8F596F28E82D7FDF)\nComplete name : Pimp.My.Ride.S01.Deleted.Scenes.DVDRip.x264-BTN.mkv\nFormat : Matroska\nFormat version : Version 4\nFile size : 1.23 GiB\nDuration : 1 h 9 min\nOverall bit rate : 2 542 kb/s\nFrame rate : 59.940 FPS\nEncoded date : 2024-12-08 13:27:46 UTC\nWriting application : mkvmerge v88.0 ('All I Know') 64-bit\nWriting library : libebml v1.4.5 + libmatroska v1.7.1\n\nVideo\nID : 1\nFormat : AVC\nFormat/Info : Advanced Video Codec\nFormat profile : High@L3.1\nFormat settings : CABAC / 9 Ref Frames\nFormat settings, CABAC : Yes\nFormat settings, Reference frames : 9 frames\nCodec ID : V_MPEG4/ISO/AVC\nDuration : 1 h 9 min\nBit rate : 2 347 kb/s\nWidth : 706 pixels\nHeight : 476 pixels\nDisplay aspect ratio : 4:3\nOriginal display aspect ratio : 4:3\nFrame rate mode : Constant\nFrame rate : 59.940 (60000/1001) FPS\nColor space : YUV\nChroma subsampling : 4:2:0\nBit depth : 8 bits\nScan type : Progressive\nBits/(Pixel*Frame) : 0.116\nStream size : 1.14 GiB (92%)\nWriting library : x264 core 164 r3198 da14df5\nEncoding settings : cabac=1 / ref=9 / deblock=1:-3:-3 / analyse=0x3:0x113 / me=umh / subme=8 / psy=1 / psy_rd=0.80:0.00 / mixed_ref=1 / me_range=24 / chroma_me=1 / trellis=2 / 8x8dct=1 / cqm=0 / deadzone=21,11 / fast_pskip=1 / chroma_qp_offset=-2 / threads=15 / lookahead_threads=3 / sliced_threads=0 / nr=0 / decimate=1 / interlaced=0 / bluray_compat=0 / constrained_intra=0 / bframes=6 / b_pyramid=2 / b_adapt=2 / b_bias=0 / direct=3 / weightb=1 / open_gop=0 / weightp=2 / keyint=599 / keyint_min=59 / scenecut=40 / intra_refresh=0 / rc_lookahead=50 / rc=crf / mbtree=0 / crf=18.0 / qcomp=0.60 / qpmin=0 / qpmax=69 / qpstep=4 / vbv_maxrate=17500 / vbv_bufsize=17500 / crf_max=0.0 / nal_hrd=none / filler=0 / ip_ratio=1.40 / pb_ratio=1.30 / aq=3:0.70\nDefault : Yes\nForced : No\n\nAudio\nID : 2\nFormat : AC-3\nFormat/Info : Audio Coding 3\nCommercial name : Dolby Digital\nCodec ID : A_AC3\nDuration : 1 h 9 min\nBit rate mode : Constant\nBit rate : 192 kb/s\nChannel(s) : 2 channels\nChannel layout : L R\nSampling rate : 48.0 kHz\nFrame rate : 31.250 FPS (1536 SPF)\nCompression mode : Lossy\nStream size : 95.4 MiB (8%)\nLanguage : English\nService kind : Complete Main\nDefault : Yes\nForced : No\nDialog Normalization : -31 dB\ncompr : -0.28 dB\ndialnorm_Average : -31 dB\ndialnorm_Minimum : -31 dB\ndialnorm_Maximum : -31 dB\n\nMenu\n00:00:00.000 : en:Chapter 01\n00:01:21.334 : en:Chapter 02\n00:04:25.101 : en:Chapter 03\n00:06:50.635 : en:Chapter 04\n00:25:07.935 : en:Chapter 05\n00:29:56.202 : en:Chapter 06\n00:34:57.235 : en:Chapter 07\n00:38:25.735 : en:Chapter 08\n00:41:12.436 : en:Chapter 09\n00:42:52.870 : en:Chapter 10\n00:45:05.137 : en:Chapter 11\n00:48:01.270 : en:Chapter 12\n00:51:52.871 : en:Chapter 13\n00:55:41.405 : en:Chapter 14\n01:06:17.905 : en:Chapter 15		f	MKV	1775243152	\N	ac3	\N	\N	\N	h264	{}	{""}	SD
9	6	2025-03-31 10:45:04.865918	2025-03-31 10:45:04.865918	1	\\x99887766554433221100FFEEDDCCBBAA99887766	English	The.Gold.Rush.1925.Sound.Version.Criterion.Collection.BluRay.1080p.DTS-HD.MA.1.0.AVC.REMUX-FraMeSToR	FraMeSToR	-----------------------------------------------------------------------------------\n| '||''''|                 '||    ||'          .|'''.|  |''||''|         '||''|.   |\n|  ||  .   ... ..   ....    |||  |||    ....   ||..  '     ||      ...    ||   ||  |\n|  ||''|    ||' '' '' .||   |'|..'||  .|...||   ''|||.     ||    .|  '|.  ||''|'   |\n|  ||       ||     .|' ||   | '|' ||  ||      .     '||    ||    ||   ||  ||   |.  |\n| .||.     .||.    '|..'|' .|. | .||.  '|...' |'....|'    .||.    '|..|' .||.  '|' |\n-----------------------------------------------------------------------------------\n                                 Proudly Presents\n-----------------------------------------------------------------------------------\nThe.Gold.Rush.1925.Sound.Version.Criterion.Collection.BluRay.1080p.DTS-HD.MA.1.0.AVC.REMUX-FraMeSToR\n\n\nGENERAL INFO\nSOURCE                  : Blu-ray Disc Criterion Collection (???) (Thanks!)\nFORMAT                  : MKV (Matroska)\nSIZE                    : 12.1 GiB\nDURATION                : 01:12:24 (h:m:s)\nCHAPTERS                : Named (01-19)\nIMDB                    : https://www.imdb.com/title/tt0015864/\n\nVIDEO\nCODEC                   : AVC\nTYPE                    : 1080p (Progressive)\nFRAME RATE              : 23.976 fps\nDISPLAY ASPECT RATIO    : 16:9\nFORMAT PROFILE LEVEL    : High@L4.1 \nBITRATE                 : 22.9 Mbps\nWIDTH x HEIGHT          : 1920 x 1080 pixels\n\nAUDIO\nCODEC                   : DTS-HD Master Audio\nLANGUAGE                : English\nCHANNEL(S)              : 1.0\nBITRATE                 : 1024 kbps\nSAMPLING RATE           : 48 kHz\nBIT DEPTH               : 24 bits\nOTHER INFO              : DTS Core: 1.0 / 48 kHz / 768 kbps / 24-bit\n\nSUBTITLES\nEnglish (SDH)\n\nSCREENSHOTS\n \n \n \n\nThe subtitles have the following format PGS (Blu-Ray) / .sup that are\nmerged with the video and audio.\n\nRELEASE NOTES\nNew high-definition digital restoration of the 1942 sound version (2012).\n\nGREETS\nTo all those that have made us what we are today!\n\nBig Shout Out to all who support our group, our fellow colleague Encoders / Remuxers\nand our community members, No FraMeSToR without you guys.\n\nGROUP NOTES\nPlease do not alter our releases when uploading them elsewhere, keep the NFO intact\nand file names the same.	{"mkv": 1, "nfo": 1}	f	{"files": [{"name": "The.Gold.Rush.1925.Sound.Version.Criterion.Collection.BluRay.1080p.DTS-HD.MA.1.0.AVC.REMUX-FraMeSToR.mkv", "size": 13022303084}, {"name": "The.Gold.Rush.1925.Sound.Version.Criterion.Collection.BluRay.1080p.DTS-HD.MA.1.0.AVC.REMUX-FraMeSToR.nfo", "size": 3516}], "parent_folder": "The.Gold.Rush.1925.Sound.Version.Criterion.Collection.BluRay.1080p.DTS-HD.MA.1.0.AVC.REMUX-FraMeSToR"}	General\nUnique ID                                : 279351979850065970759465187068304942630 (0xD2293BFB32669D23555AA2184D27E626)\nComplete name                            : The.Gold.Rush.1925.Sound.Version.Criterion.Collection.BluRay.1080p.DTS-HD.MA.1.0.AVC.REMUX-FraMeSToR.mkv\nFormat                                   : Matroska\nFormat version                           : Version 4\nFile size                                : 12.1 GiB\nDuration                                 : 1 h 12 min\nOverall bit rate mode                    : Variable\nOverall bit rate                         : 24.0 Mb/s\nMovie name                               : The Gold Rush (1925)\nEncoded date                             : UTC 2018-10-21 15:38:18\nWriting application                      : mkvmerge v25.0.0 ('Prog Noir') 64-bit\nWriting library                          : libebml v1.3.6 + libmatroska v1.4.9\n\nVideo\nID                                       : 1\nFormat                                   : AVC\nFormat/Info                              : Advanced Video Codec\nFormat profile                           : High@L4.1\nFormat settings                          : CABAC / 4 Ref Frames\nFormat settings, CABAC                   : Yes\nFormat settings, Reference frames        : 4 frames\nCodec ID                                 : V_MPEG4/ISO/AVC\nDuration                                 : 1 h 12 min\nBit rate mode                            : Variable\nBit rate                                 : 22.9 Mb/s\nMaximum bit rate                         : 37.0 Mb/s\nWidth                                    : 1 920 pixels\nHeight                                   : 1 080 pixels\nDisplay aspect ratio                     : 16:9\nFrame rate mode                          : Constant\nFrame rate                               : 23.976 (24000/1001) FPS\nColor space                              : YUV\nChroma subsampling                       : 4:2:0\nBit depth                                : 8 bits\nScan type                                : Progressive\nBits/(Pixel*Frame)                       : 0.461\nStream size                              : 11.6 GiB (96%)\nDefault                                  : Yes\nForced                                   : No\n\nAudio\nID                                       : 2\nFormat                                   : DTS XLL\nFormat/Info                              : Digital Theater Systems\nCommercial name                          : DTS-HD Master Audio\nCodec ID                                 : A_DTS\nDuration                                 : 1 h 12 min\nBit rate mode                            : Variable\nBit rate                                 : 1 035 kb/s\nChannel(s)                               : 1 channel\nChannel layout                           : C\nSampling rate                            : 48.0 kHz\nFrame rate                               : 93.750 FPS (512 SPF)\nBit depth                                : 24 bits\nCompression mode                         : Lossless\nStream size                              : 536 MiB (4%)\nTitle                                    : DTS-HD MA 1.0\nLanguage                                 : English\nDefault                                  : Yes\nForced                                   : No\n\nText\nID                                       : 3\nFormat                                   : PGS\nCodec ID                                 : S_HDMV/PGS\nCodec ID/Info                            : Picture based subtitle format used on BDs/HD-DVDs\nDuration                                 : 1 h 11 min\nBit rate                                 : 25.3 kb/s\nCount of elements                        : 768\nStream size                              : 12.9 MiB (0%)\nTitle                                    : English (SDH)\nLanguage                                 : English\nDefault                                  : No\nForced                                   : No\n\nMenu\n00:00:00.000                             : en:Opening Titles\n00:01:37.889                             : en:Chilkoot Pass\n00:04:35.650                             : en:Black Larsen\n00:09:56.012                             : en:Three Hungry Men\n00:14:08.556                             : en:"Thanksgiving Dinner"\n00:17:07.693                             : en:An Appetizing Friend\n00:23:12.975                             : en:"Parting of the Ways"\n00:25:13.721                             : en:Georgia\n00:30:22.195                             : en:Dancing at the Monte Carlo\n00:35:50.690                             : en:Hank Curtis and His Cabin\n00:39:10.014                             : en:Surprise Guests\n00:44:58.321                             : en:"Begged, Borrowed, and Shoveled"\n00:46:28.244                             : en:New Year's Eve\n00:50:36.784                             : en:Georgia Remembers\n00:54:58.754                             : en:The Return of Big Jim\n00:55:40.379                             : en:"Please Forgive Me"\n00:57:52.427                             : en:"The Cabin at Last!"\n01:00:25.914                             : en:"All Was Calm"\n01:06:57.972                             : en:Homeward-Bound		f	MKV	13022306600	\N	dts	\N	24bit Lossless	\N	h264	{Remux}	{""}	1080p
28	5	2025-04-02 09:08:29.596749	2025-04-02 09:08:29.596749	1	\\x887766554433221100FFEEDDCCBBAA9988776655	English	The.Gold.Rush.1925.720p.BluRay.x264-DON	DON		{"mkv": 1}	f	{"files": [{"name": "The.Gold.Rush.1925.720p.BluRay.x264-DON.mkv", "size": 4156326987}], "parent_folder": "The.Gold.Rush.1925.720p.BluRay.x264-DON"}	General\nUnique ID                                : 230392902092545203425034838201110601737 (0xAD540F14D1CD45E091AAD425D8B3A009)\nComplete name : The.Gold.Rush.1925.720p.BluRay.x264-DON.mkv\nFormat                                   : Matroska\nFormat version                           : Version 2\nFile size                                : 3.87 GiB\nDuration                                 : 1 h 11 min\nOverall bit rate                         : 7 718 kb/s\nFrame rate                               : 23.976 FPS\nMovie name                               : The Gold Rush (1925)\nEncoded date                             : 2010-06-18 21:03:44 UTC\nWriting application                      : mkvmerge v4.0.0 ('The Stars were mine') built on Jun  6 2010 16:18:42\nWriting library                          : libebml v1.0.0 + libmatroska v1.0.0\n\nVideo\nID                                       : 1\nFormat                                   : AVC\nFormat/Info                              : Advanced Video Codec\nFormat profile                           : High@L4.1\nFormat settings                          : CABAC / 9 Ref Frames\nFormat settings, CABAC                   : Yes\nFormat settings, Reference frames        : 9 frames\nCodec ID                                 : V_MPEG4/ISO/AVC\nDuration                                 : 1 h 11 min\nNominal bit rate                         : 7 611 kb/s\nWidth                                    : 956 pixels\nHeight                                   : 720 pixels\nDisplay aspect ratio                     : 4:3\nFrame rate mode                          : Constant\nFrame rate                               : 23.976 (24000/1001) FPS\nColor space                              : YUV\nChroma subsampling                       : 4:2:0\nBit depth                                : 8 bits\nScan type                                : Progressive\nBits/(Pixel*Frame)                       : 0.461\nWriting library                          : x264 core 96 r1613 81e75e9\nEncoding settings                        : cabac=1 / ref=9 / deblock=1:-3:-3 / analyse=0x3:0x133 / me=umh / subme=9 / psy=1 / psy_rd=1.10:0.00 / mixed_ref=1 / me_range=32 / chroma_me=1 / trellis=2 / 8x8dct=1 / cqm=0 / deadzone=21,11 / fast_pskip=0 / chroma_qp_offset=-2 / threads=6 / sliced_threads=0 / nr=0 / decimate=0 / interlaced=0 / constrained_intra=0 / bframes=6 / b_pyramid=2 / b_adapt=2 / b_bias=0 / direct=3 / weightb=1 / weightp=2 / keyint=250 / keyint_min=25 / scenecut=40 / intra_refresh=0 / rc_lookahead=60 / rc=2pass / mbtree=1 / bitrate=7611 / ratetol=1.0 / qcomp=0.75 / qpmin=10 / qpmax=51 / qpstep=4 / cplxblur=20.0 / qblur=0.5 / vbv_maxrate=50000 / vbv_bufsize=62500 / ip_ratio=1.40 / aq=1:0.80 / nal_hrd=none\nLanguage                                 : English\nDefault                                  : Yes\nForced                                   : No\n\nAudio\nID                                       : 2\nFormat                                   : AAC LC\nFormat/Info                              : Advanced Audio Codec Low Complexity\nCodec ID                                 : A_AAC-2\nDuration                                 : 1 h 11 min\nChannel(s)                               : 2 channels\nChannel layout                           : L R\nSampling rate                            : 48.0 kHz\nFrame rate                               : 46.875 FPS (1024 SPF)\nCompression mode                         : Lossy\nLanguage                                 : English\nDefault                                  : Yes\nForced                                   : No\n\nText #1\nID                                       : 3\nFormat                                   : UTF-8\nCodec ID                                 : S_TEXT/UTF8\nCodec ID/Info                            : UTF-8 Plain Text\nLanguage                                 : English\nDefault                                  : No\nForced                                   : No\n\nText #2\nID                                       : 4\nFormat                                   : UTF-8\nCodec ID                                 : S_TEXT/UTF8\nCodec ID/Info                            : UTF-8 Plain Text\nLanguage                                 : Czech\nDefault                                  : No\nForced                                   : No\n\nText #3\nID                                       : 5\nFormat                                   : UTF-8\nCodec ID                                 : S_TEXT/UTF8\nCodec ID/Info                            : UTF-8 Plain Text\nLanguage                                 : German\nDefault                                  : No\nForced                                   : No\n\nMenu\n00:00:00.000                             : en:00:00:00.000\n00:09:20.226                             : en:00:09:20.226\n00:16:32.200                             : en:00:16:32.200\n00:22:54.957                             : en:00:22:54.957\n00:35:15.113                             : en:00:35:15.113\n00:44:22.785                             : en:00:44:22.785\n00:50:01.373                             : en:00:50:01.373\n00:59:19.973                             : en:00:59:19.973		f	MKV	4156326987	\N	aac	\N	\N	\N	h264	{}	{""}	720p
29	4	2025-04-02 09:12:16.58472	2025-04-02 09:12:16.58472	1	\\x7766554433221100FFEEDDCCBBAA998877665544	English	The.Gold.Rush.1925.Silent.720p.BluRay.3xEng.HDClub-Skazhutin	Skazhutin		{"mkv": 1}	f	{"files": [{"name": "The.Gold.Rush.1925.Silent.720p.BluRay.3xEng.HDClub-Skazhutin.mkv", "size": 6691911690}], "parent_folder": ""}	General\nComplete name : The.Gold.Rush.1925.Silent.720p.BluRay.3xEng.HDClub-Skazhutin.mkv\nUnique ID                                : 203622316130630068472990147264084160734 (0x99303B4A0420D3F98F862A5797EFB0DE)\nFormat                                   : Matroska\nFormat version                           : Version 2\nFile size                                : 6.23 GiB\nDuration                                 : 1 h 29 min\nOverall bit rate                         : 9 998 kb/s\nMovie name                               : The Gold Rush (1925) - Release for HDCLUB by Skazhutin & 7ime 7raveller\nEncoded date                             : UTC 2012-06-28 08:13:07\nWriting application                      : mkvmerge v5.6.0 ('Kenya Kane') built on May 27 2012 16:44:04\nWriting library                          : libebml v1.2.3 + libmatroska v1.3.0\nCover                                    : Yes\nAttachments                              : cover.jpg / xlog.txt\n\nVideo\nID                                       : 1\nFormat                                   : AVC\nFormat/Info                              : Advanced Video Codec\nFormat profile                           : High@L4.1\nFormat settings                          : CABAC / 12 Ref Frames\nFormat settings, CABAC                   : Yes\nFormat settings, Reference frames        : 12 frames\nCodec ID                                 : V_MPEG4/ISO/AVC\nDuration                                 : 1 h 29 min\nBit rate                                 : 7 906 kb/s\nWidth                                    : 960 pixels\nHeight                                   : 720 pixels\nDisplay aspect ratio                     : 4:3\nFrame rate mode                          : Constant\nFrame rate                               : 23.976 (24000/1001) FPS\nColor space                              : YUV\nChroma subsampling                       : 4:2:0\nBit depth                                : 8 bits\nScan type                                : Progressive\nBits/(Pixel*Frame)                       : 0.477\nStream size                              : 4.93 GiB (79%)\nTitle                                    : Release for HDCLUB\nWriting library                          : x264 core 125 r2200kMod 999b753\nEncoding settings                        : cabac=1 / ref=12 / deblock=1:-3:-3 / analyse=0x3:0x113 / me=umh / subme=11 / psy=1 / fade_compensate=0.00 / psy_rd=0.95:0.00 / mixed_ref=1 / me_range=48 / chroma_me=1 / trellis=2 / 8x8dct=1 / cqm=0 / deadzone=21,11 / fast_pskip=1 / chroma_qp_offset=-2 / threads=12 / lookahead_threads=2 / sliced_threads=0 / nr=0 / decimate=1 / interlaced=0 / bluray_compat=0 / constrained_intra=0 / bframes=12 / b_pyramid=2 / b_adapt=2 / b_bias=0 / direct=1 / weightb=1 / open_gop=0 / weightp=2 / keyint=250 / keyint_min=23 / scenecut=40 / intra_refresh=0 / rc_lookahead=40 / rc=crf / mbtree=0 / crf=16.0000 / qcomp=0.60 / qpmin=0 / qpmax=69 / qpstep=4 / vbv_maxrate=50000 / vbv_bufsize=62500 / crf_max=0.0 / nal_hrd=none / ip_ratio=1.40 / pb_ratio=1.30 / aq=1:0.80\nLanguage                                 : English\nDefault                                  : Yes\nForced                                   : No\nColor range                              : Limited\nMatrix coefficients                      : BT.709\n\nAudio #1\nID                                       : 2\nFormat                                   : DTS\nFormat/Info                              : Digital Theater Systems\nCodec ID                                 : A_DTS\nDuration                                 : 1 h 29 min\nBit rate mode                            : Constant\nBit rate                                 : 1 509 kb/s\nChannel(s)                               : 6 channels\nChannel layout                           : C L R Ls Rs LFE\nSampling rate                            : 48.0 kHz\nFrame rate                               : 93.750 FPS (512 SPF)\nBit depth                                : 24 bits\nCompression mode                         : Lossy\nStream size                              : 963 MiB (15%)\nTitle                                    : DTS 5.1 @ 1536 kbps - Score by Charles Chaplin (1942), adapted by Timothy Brock (2007)\nLanguage                                 : English\nDefault                                  : Yes\nForced                                   : No\n\nAudio #2\nID                                       : 3\nFormat                                   : AC-3\nFormat/Info                              : Audio Coding 3\nCommercial name                          : Dolby Digital\nCodec ID                                 : A_AC3\nDuration                                 : 1 h 29 min\nBit rate mode                            : Constant\nBit rate                                 : 192 kb/s\nChannel(s)                               : 2 channels\nChannel layout                           : L R\nSampling rate                            : 48.0 kHz\nFrame rate                               : 31.250 FPS (1536 SPF)\nCompression mode                         : Lossy\nStream size                              : 123 MiB (2%)\nTitle                                    : AC3 2.0 @ 192 kbps - Piano score by Neil Brand\nLanguage                                 : English\nService kind                             : Complete Main\nDefault                                  : No\nForced                                   : No\n\nAudio #3\nID                                       : 4\nFormat                                   : AC-3\nFormat/Info                              : Audio Coding 3\nCommercial name                          : Dolby Digital\nCodec ID                                 : A_AC3\nDuration                                 : 1 h 29 min\nBit rate mode                            : Constant\nBit rate                                 : 192 kb/s\nChannel(s)                               : 2 channels\nChannel layout                           : L R\nSampling rate                            : 48.0 kHz\nFrame rate                               : 31.250 FPS (1536 SPF)\nCompression mode                         : Lossy\nStream size                              : 123 MiB (2%)\nTitle                                    : AC3 2.0 @ 192 kbps - Commentary by Chaplin biographer Jeffrey Vance\nLanguage                                 : English\nService kind                             : Complete Main\nDefault                                  : No\nForced                                   : No\n\nText\nID                                       : 5\nFormat                                   : UTF-8\nCodec ID                                 : S_TEXT/UTF8\nCodec ID/Info                            : UTF-8 Plain Text\nLanguage                                 : Russian\nDefault                                  : Yes\nForced                                   : No\n\nMenu\n00:00:00.000                             : en:Opening titles\n00:02:35.780                             : en:Chilkoot Pass\n00:07:02.422                             : en:Black Larsen\n00:12:44.388                             : en:Three hungry men\n00:17:27.629                             : en:"Thanksgiving Dinner"\n00:20:27.392                             : en:An appetizing friend\n00:27:07.792                             : en:"Parting of the ways"\n00:29:31.978                             : en:Georgia\n00:35:53.317                             : en:Dancing at the Monte Carlo\n00:42:21.956                             : en:Hank Curtis and his cabin\n00:46:25.449                             : en:Surprise guests\n00:53:15.150                             : en:"Begged, borrowed, and shoveled"\n00:55:05.385                             : en:New Year's Eve\n00:59:44.414                             : en:Georgia remembers\n01:05:47.068                             : en:The return of Big Jim\n01:07:29.378                             : en:"Please forgive me"\n01:11:46.552                             : en:"The cabin at last!"\n01:14:42.227                             : en:"All was calm"\n01:22:11.259                             : en:Homeward-bound		f	MKV	6691911690	\N	dts	\N	\N	\N	h264	{Commentary}	{""}	720p
31	19	2025-04-02 10:39:39.461062	2025-04-02 10:39:39.461062	1	\\x66554433221100FFEEDDCCBBAA99887766554433	English	Pimp.My.Ride.S02.480p.AMZN.WEB-DL.DDP2.0.H.264-FLUX	FLUX		{"mkv": 8}	f	{"files": [{"name": "Pimp.My.Ride.S02E01.Cadillac.Eldorado.480p.AMZN.WEB-DL.DDP2.0.H.264-FLUX.mkv", "size": 351009455}, {"name": "Pimp.My.Ride.S02E02.Ford.Escort.480p.AMZN.WEB-DL.DDP2.0.H.264-FLUX.mkv", "size": 350422743}, {"name": "Pimp.My.Ride.S02E03.Volkswagen.Bus.480p.AMZN.WEB-DL.DDP2.0.H.264-FLUX.mkv", "size": 350743179}, {"name": "Pimp.My.Ride.S02E04.Chevy.Suburban.480p.AMZN.WEB-DL.DDP2.0.H.264-FLUX.mkv", "size": 350296460}, {"name": "Pimp.My.Ride.S02E05.Chevy.Blazer.480p.AMZN.WEB-DL.DDP2.0.H.264-FLUX.mkv", "size": 350804159}, {"name": "Pimp.My.Ride.S02E06.Acura.Legend.480p.AMZN.WEB-DL.DDP2.0.H.264-FLUX.mkv", "size": 350332692}, {"name": "Pimp.My.Ride.S02E07.Nissan.240.SX.480p.AMZN.WEB-DL.DDP2.0.H.264-FLUX.mkv", "size": 357382440}, {"name": "Pimp.My.Ride.S02E08.Ford.Fairlane.480p.AMZN.WEB-DL.DDP2.0.H.264-FLUX.mkv", "size": 350573190}], "parent_folder": "Pimp.My.Ride.S02.480p.AMZN.WEB-DL.DDP2.0.H.264-FLUX"}	General\nUnique ID : 80532169631162269894206294322677450434 (0x3C95EE83C12123A2FEF441D165B686C2)\nComplete name : Pimp.My.Ride.S02E01.Cadillac.Eldorado.480p.AMZN.WEB-DL.DDP2.0.H.264-FLUX.mkv\nFormat : Matroska\nFormat version : Version 4\nFile size : 335 MiB\nDuration : 21 min 4 s\nOverall bit rate : 2 221 kb/s\nMovie name : Pimp My Ride - S02E01 - Cadillac Eldorado\nEncoded date : UTC 2021-08-17 19:32:56\nWriting application : mkvmerge v59.0.0 ('Shining Star') 64-bit\nWriting library : libebml v1.4.2 + libmatroska v1.6.4\nIMDB : tt0395891\nTMDB : tv/1976\n\nVideo\nID : 1\nFormat : AVC\nFormat/Info : Advanced Video Codec\nFormat profile : Main@L3\nFormat settings : CABAC / 4 Ref Frames\nFormat settings, CABAC : Yes\nFormat settings, Reference frames : 4 frames\nCodec ID : V_MPEG4/ISO/AVC\nDuration : 21 min 4 s\nBit rate mode : Constant\nBit rate : 2 000 kb/s\nWidth : 640 pixels\nHeight : 480 pixels\nDisplay aspect ratio : 4:3\nFrame rate mode : Constant\nFrame rate : 29.970 (30000/1001) FPS\nColor space : YUV\nChroma subsampling : 4:2:0\nBit depth : 8 bits\nScan type : Progressive\nBits/(Pixel*Frame) : 0.217\nStream size : 301 MiB (90%)\nDefault : Yes\nForced : No\nColor range : Limited\n\nAudio\nID : 2\nFormat : E-AC-3\nFormat/Info : Enhanced AC-3\nCommercial name : Dolby Digital Plus\nCodec ID : A_EAC3\nDuration : 21 min 4 s\nBit rate mode : Constant\nBit rate : 224 kb/s\nChannel(s) : 2 channels\nChannel layout : L R\nSampling rate : 48.0 kHz\nFrame rate : 31.250 FPS (1536 SPF)\nCompression mode : Lossy\nStream size : 33.8 MiB (10%)\nLanguage : English\nService kind : Complete Main\nDefault : Yes\nForced : No\n\nText #1\nID : 3\nFormat : UTF-8\nCodec ID : S_TEXT/UTF8\nCodec ID/Info : UTF-8 Plain Text\nDuration : 20 min 57 s\nBit rate : 95 b/s\nCount of elements : 707\nStream size : 14.7 KiB (0%)\nTitle : English\nLanguage : English\nDefault : No\nForced : No\n\nText #2\nID : 4\nFormat : UTF-8\nCodec ID : S_TEXT/UTF8\nCodec ID/Info : UTF-8 Plain Text\nDuration : 20 min 57 s\nBit rate : 100 b/s\nCount of elements : 762\nStream size : 15.4 KiB (0%)\nTitle : English [CC]\nLanguage : English\nDefault : No\nForced : No		f	MKV	2811564318	\N	ac3	\N	\N	\N	h264	{}	{""}	SD
\.


--
-- Data for Name: title_group_comments; Type: TABLE DATA; Schema: public; Owner: arcadia
--

COPY public.title_group_comments (id, content, created_at, updated_at, created_by_id, title_group_id, refers_to_torrent_id, answers_to_comment_id) FROM stdin;
1	Great single, nice to see that it's now in the public domain	2025-03-30 18:03:49.188365	2025-03-30 18:03:49.188365	1	1	\N	\N
\.


--
-- Data for Name: title_group_subscriptions; Type: TABLE DATA; Schema: public; Owner: arcadia
--

COPY public.title_group_subscriptions (id, title_group_id, subscribed_at, subscriber_id) FROM stdin;
\.


--
-- Data for Name: torrent_requests; Type: TABLE DATA; Schema: public; Owner: arcadia
--

COPY public.torrent_requests (id, title_group_id, created_at, updated_at, created_by_id, edition_name, release_group, description, language, container, bounty_upload, bounty_bonus_points, audio_codec, audio_channels, video_codec, features, subtitle_languages, video_resolution) FROM stdin;
\.


--
-- Data for Name: torrent_request_votes; Type: TABLE DATA; Schema: public; Owner: arcadia
--

COPY public.torrent_request_votes (id, torrent_request_id, created_at, created_by_id, bounty_upload, bounty_bonus_points) FROM stdin;
\.


--
-- Name: artists_id_seq; Type: SEQUENCE SET; Schema: public; Owner: arcadia
--

SELECT pg_catalog.setval('public.artists_id_seq', 4, false);


--
-- Name: edition_groups_id_seq; Type: SEQUENCE SET; Schema: public; Owner: arcadia
--

SELECT pg_catalog.setval('public.edition_groups_id_seq', 20, false);


--
-- Name: invitations_id_seq; Type: SEQUENCE SET; Schema: public; Owner: arcadia
--

SELECT pg_catalog.setval('public.invitations_id_seq', 1, false);


--
-- Name: master_groups_id_seq; Type: SEQUENCE SET; Schema: public; Owner: arcadia
--

SELECT pg_catalog.setval('public.master_groups_id_seq', 1, false);


--
-- Name: notifications_id_seq; Type: SEQUENCE SET; Schema: public; Owner: arcadia
--

SELECT pg_catalog.setval('public.notifications_id_seq', 1, false);


--
-- Name: series_id_seq; Type: SEQUENCE SET; Schema: public; Owner: arcadia
--

SELECT pg_catalog.setval('public.series_id_seq', 4, false);


--
-- Name: title_group_comments_id_seq; Type: SEQUENCE SET; Schema: public; Owner: arcadia
--

SELECT pg_catalog.setval('public.title_group_comments_id_seq', 2, false);


--
-- Name: title_group_subscriptions_id_seq; Type: SEQUENCE SET; Schema: public; Owner: arcadia
--

SELECT pg_catalog.setval('public.title_group_subscriptions_id_seq', 1, false);


--
-- Name: title_groups_id_seq; Type: SEQUENCE SET; Schema: public; Owner: arcadia
--

SELECT pg_catalog.setval('public.title_groups_id_seq', 10, false);


--
-- Name: torrent_request_votes_id_seq; Type: SEQUENCE SET; Schema: public; Owner: arcadia
--

SELECT pg_catalog.setval('public.torrent_request_votes_id_seq', 1, false);


--
-- Name: torrent_requests_id_seq; Type: SEQUENCE SET; Schema: public; Owner: arcadia
--

SELECT pg_catalog.setval('public.torrent_requests_id_seq', 1, false);


--
-- Name: torrents_id_seq; Type: SEQUENCE SET; Schema: public; Owner: arcadia
--

SELECT pg_catalog.setval('public.torrents_id_seq', 32, false);


--
-- Name: users_id_seq; Type: SEQUENCE SET; Schema: public; Owner: arcadia
--

SELECT pg_catalog.setval('public.users_id_seq', 4, true);


--
-- PostgreSQL database dump complete
--

